NCC - Listagem de produtos;;;;;;;
Filtros; ;Descriçăo:;Todos;Ref.:;Todos;;
;;Grupo:;Todos;Texto NF:;Todos;;
;;Fabricante:;Todos;Dt. cad.:;Todos;;
Código;;Descriçăo;;;Referęncia;UND;Tribut.
342;;ABRACADEIRA 1 2;;;;UN;TRIBUT
432;;ADAPTADOR DE TOMADA 10A E 20A TER P PINO QUARDRADO;;;;UN;TRIBUT
1064;;ADAPTADOR PARA APLICADOR DE COLA 22MM;;;;UN;TRIBUT
343;;ADAPTADOR PARA APLICADOR DE COLA 35MM;;;;UN;TRIBUT
344;;ADAPTADOR PARA APLICADOR DE COLA 64MM;;;;UN;TRIBUT
5;;ADEVISO W BRASIL 1807 GRANULADA INCOLOR SACO 2,5KG;;;;UN;TRIBUT
13;;ADEVISO W BRASIL 1808 GRANULADA BRANCA SACO 2,5KG;;;;UN;TRIBUT
345;;ALICATE BELZER UNIVERSAL;;;;UN;TRIBUT
346;;APLICADOR DE COLA INTERCAMBIAVEL 22MM;;;;UN;TRIBUT
347;;APLICADOR TOPO MDF 15MM;;;;UN;TRIBUT
348;;APLICADOR TOPO MDF 30MM;;;;UN;TRIBUT
136;;ARRUELA LISA ZINCADA 1 4 1KG;;;;UN;TRIBUT
1185;;ARTICULADOR AERO VITA SLOW H;;;;UN;TRIBUT
1184;;ARTICULADOR AERO VITA SLOW L;;;;UN;TRIBUT
137;;ARTICULADOR AVENTOS HK XS;;;;UN;TRIBUT
964;;BASE ZAMAC PARA PUXADOR BRIDGE COM ROSCA M4;;;;UN;TRIBUT
965;;BASE ZAMAC PARA PUXADOR PIAZZA 1 2 C ROSCA M4;;;;UN;TRIBUT
966;;BASE ZAMAC PARA PUXADOR SLIM C ROSCA M4 CROMADO;;;;UN;TRIBUT
138;;BATENTE DE PORTAS TRANSPARENTE 2 UN;;;;UN;TRIBUT
139;;BOTAO FRANCES;;;;UN;TRIBUT
1160;;BOTAO FRANCES ZAMAC CROMADO CRIATIVA;;;;UN;TRIBUT
747;;BOTAO TIC TAC GANGORRA REDONDO INTERRUPTOR BRANCO;;;;UN;TRIBUT
377;;BOTAO TIC TAC GANGORRA REDONDO INTERRUPTOR PRETO;;;;UN;TRIBUT
122;;BOTINA AMARRAR BI NOBUCK PRETO N 44 KALA;;;;UN;TRIBUT
1174;;BOTINA COTURNO N38  ECO NOBUCK MARROM TOSCAFER;;;;UN;TRIBUT
1175;;BOTINA COTURNO N39 ECO NOBUCK MARROM TOSCAFER;;;;UN;TRIBUT
1176;;BOTINA COTURNO N40 ECO NOBUCK MARROM TOSCAFER;;;;UN;TRIBUT
1177;;BOTINA COTURNO N41 ECO NOBUCK MARROM TOSCAFER;;;;UN;TRIBUT
1178;;BOTINA COTURNO N42 ECO NOBUCK MARROM TOSCAFER;;;;UN;TRIBUT
123;;BOTINA ELASTICA NOBUCK CAFE N 38;;;;UN;TRIBUT
124;;BOTINA ELASTICA VULCAFLEX N 39;;;;UN;TRIBUT
125;;BOTINA ELASTICA VULCAFLEX N 40;;;;UN;TRIBUT
126;;BOTINA ELASTICA VULCAFLEX N 41;;;;UN;TRIBUT
127;;BOTINA ELASTICA VULCAFLEX N 42;;;;UN;TRIBUT
1056;;BRACO DE ABERTURA VARIAVEL BV0;;;;UN;TRIBUT
350;;BROCA 3/16 IRWIN;;;;UN;TRIBUT
351;;BROCA 5/16 IRWIN;;;;UN;TRIBUT
1065;;BROCA AÇO RÁPIDO 12MM IRWIM;;;;UN;TRIBUT
353;;BROCA C SUPORTE  SERRA COPO 3/8 32 A 200MM WORKER;;;;UN;TRIBUT
354;;BROCA CHATA ATC 1'';;;;UN;TRIBUT
355;;BROCA CHATA IRWIN 11/16;;;;UN;TRIBUT
356;;BROCA DE ACO 1/8;;;;UN;TRIBUT
523;;BROCA FORSTNER MADEIRA 20MM- WORKER;;;;UN;TRIBUT
352;;BROCA FORSTNER MADEIRA 22MM - WORKER;;;;UN;TRIBUT
357;;BROCA P ACO 5/32;;;;UN;TRIBUT
358;;BROCA P CONCRETO 10MM;;;;UN;TRIBUT
359;;BROCA P CONCRETO 6MM;;;;UN;TRIBUT
360;;BROCA P CONCRETO 8MM;;;;UN;TRIBUT
361;;BROCA P MADEIRA 10MM IRWIN;;;;UN;TRIBUT
108;;BROCA PARA CANECO DOBRADICA 35MM  WURTH;;;;UN;TRIBUT
163;;BUCHA BRANCA 10MM;;;;UN;TRIBUT
877;;BUCHA BRANCA MU 10MM C/50UND;;;;UN;TRIBUT
878;;BUCHA BRANCA MU 6MM C/200UND;;;;UN;TRIBUT
879;;BUCHA BRANCA MU 8MM C/100UND;;;;UN;TRIBUT
880;;BUCHA BRANCA P GESSO N 2;;;;UN;TRIBUT
1069;;"BUCHA PLASTICA COM ROSCA METALICA DVBP 1/4""";;;;UN;---
140;;CABIDE BASCULANTE DUAL SLOW 660 890 PRATA CROMADO FGVTN;;;;UN;TRIBUT
141;;CABIDE GANCHO PEQUENO SIMPLES CROMADO;;;;UN;TRIBUT
142;;CABIDE GANCHO ZAMAC GRANDE DUPLO VERTICAL CROMADO;;;;UN;TRIBUT
143;;CABIDE GANCHO ZAMAC GRANDE DUPLO VERTICAL PRETO FOSCO;;;;UN;TRIBUT
161;;CABO FLEX CONDUTORES 750V 2,5MM 100MT;;;;UN;TRIBUT
1179;;CABO FLEX CONDUTORES 750V 2,5MM 100MT COBRECOM;;;;UN;TRIBUT
144;;CABO FLEXIVEL 1,5MM 100MT;;;;UN;TRIBUT
145;;CABO FLEXIVEL PP 500V 2,5MM C 100MT - MEGATRON;;;;MT;TRIBUT
71;;CADERNO CAPA DURA 180X255MM MIOLO OFFSET 75GR 95PG;;;;UN;TRIBUT
146;;CALCO 1,5MM P FECHADURA FGVTN;;;;UN;TRIBUT
444;;CALCO P/DOB.MINI H5;;;;UN;TRIBUT
1106;;CALCULADORA MESA CASIO MX12B W4 PILHA/SO;;;;UN;TRIBUT
169;;CANALETA  PERFI BRANCO LED SLIM  SOBREPOR 1,7 X14 MM 2 MT;;;;UN;TRIBUT
147;;CANALETA DE PVC 2.75 BRANCO MULTIPERFIL;;;;UN;TRIBUT
1195;;CANALETA PERFIL BRANCO LED CANTO P FITA LED  2MT;;;;UN;TRIBUT
766;;CANALETA PERFIL BRANCO LED SOBREPOR SLIM P FITA LED 17X7MM C 2MT;;;;UN;TRIBUT
751;;CANALETA PERFIL LED DE EMBUTIR 2MT BRANCO;;;;UN;TRIBUT
765;;CANALETA PERFIL LED DE EMBUTIR 3MT BRANCO FEGRAF PAE-001BR/3;;;;UN;TRIBUT
704;;CANALETA PERFIL LED SOBREPOR 2MT PRETO;;;;UN;TRIBUT
798;;CANALETA PERFIL LED SOBREPOR BRANCO 3MT FEGRAF PAS-002BR/3;;;;UN;TRIBUT
767;;CANALETA PERFIL LED SOBREPOR PRETO 3MT FEGRAF PAS-002PT/3;;;;UN;TRIBUT
363;;CANETA BIC CRISTAL;;;;UN;TRIBUT
323;;CANTONEIRA 2 FUROS  NIQUELADO 17X17MM FGVTN C/100UND;;;;UN;TRIBUT
148;;CANTONEIRA 2 FUROS MACICA BRANCA C 100UND;;;;UN;TRIBUT
149;;CANTONEIRA 2 FUROS MACICA NIQUEL C 100UND;;;;UN;TRIBUT
322;;CANTONEIRA 2 FUROS ZAMAK NIQUELADO FGVTN C/100UND;;;;UN;TRIBUT
150;;CANTONEIRA 3 FUROS BRANCA 1,9MM TORO COMPONENTES;;;;UN;TRIBUT
151;;CANTONEIRA 3 FUROS UNIVERSAL  DV3020 ESPESSURA 1,2;;;;UN;TRIBUT
152;;CANTONEIRA 3 FUROS UNIVERSAL  DV3022 ESPESSURA 2MM;;;;UN;TRIBUT
387;;CANTONEIRA 4 FUROS ALUMINIO ZAMAC CR2020;;;;UN;TRIBUT
171;;CANTONEIRA 4 FUROS BRANCO ZAMAC CR2020;;;;UN;TRIBUT
153;;CANTONEIRA AEREA REFORCADA C CAPA ALTA BRANCA;;;;UN;TRIBUT
154;;CANTONEIRA METALICA REFORCADA DV 3060 ZINCADA C CAPA;;;;UN;TRIBUT
800;;CAPA 3MM;;;;UN;TRIBUT
802;;CAPA DE 15MM;;;;UN;TRIBUT
808;;CAPA DE 15MM EUCATEX;;;;UN;TRIBUT
807;;CAPA DE 18MM;;;;UN;TRIBUT
804;;CAPA DE 6MM;;;;UN;TRIBUT
805;;CAPA DE 9MM;;;;UN;TRIBUT
18;;CARTELA  FELTRO ADESIVO EVA 22MMX4,5MM CRIATIVA;;;;UN;TRIBUT
156;;CAVILHA PINUS 8X30 C/100UN;;;;UN;TRIBUT
157;;CHAPA PARA SAPATA 1 4 ZINCADO METALFIXE;;;;UN;TRIBUT
158;;CHAPA PARA SAPATA 5 16 ZINCADO METALFIXE;;;;UN;TRIBUT
364;;CHAVE DE TRAMONTINA PHILIPS 5 16;;;;UN;TRIBUT
44;;CHAVE TESTE 100V A 300V-STANLEY;;;;UN;TRIBUT
159;;CINTA DE LIXA 100X610MM GRAO 36;;;;UN;TRIBUT
160;;CINTA DE LIXA 100X610MM GRAO 60;;;;UN;TRIBUT
1157;;CINTA DE LIXA 100X610MM GRAO 80;;;;UN;TRIBUT
774;;CINTA POLIES GANCHO J 100MM 9M 10000KG-WORKER;;;;PT;TRIBUT
6;;COLA BATENTE DE SILICONE 8MM TRANSPARENTE;;;;UN;TRIBUT
7;;COLA BATENTE SILICONE 15MM;;;;UN;TRIBUT
8;;COLA BRANCA PVA W.BRASIL 1KG;;;;UN;TRIBUT
9;;COLA CONTATO 2.8KG FORMICA;;;;UN;TRIBUT
10;;COLA CONTATO 750G FORMICA;;;;UN;TRIBUT
113;;COLA DE CONTADO 14 KG FCC;;;;UN;TRIBUT
112;;COLA DE CONTADO 2.8 KG FCC;;;;UN;TRIBUT
11;;COLA GRANULADA BRANCA 2,5KG FORMILINE FB 02;;;;UN;TRIBUT
1189;;COLA GRANULADA BRANCA 2,5KG KISAFIX HM4511;;;;UN;TRIBUT
12;;COLA GRANULADA BRANCA 25KG FORMILINE FB 01;;;;UN;TRIBUT
1187;;COLA GRANULADA BRANCA 25KG KISAFIX HM4527;;;;KG;TRIBUT
14;;COLA INSTANTANEA 100G MOVEL.W.BRASIL 2AE;;;;UN;TRIBUT
16;;COLA KISAFIX PLUS 2.85 KG;;;;UN;TRIBUT
401;;COLA KISAFIX PLUS 750G;;;;UN;TRIBUT
17;;COLA PVC EXTRA FORMICA 1KG;;;;UN;TRIBUT
822;;COMPENSADO DE PARICA 10MM 220MX160M;;;;UN;TRIBUT
823;;COMPENSADO DE PARICA 15MM 220MX160M;;;;UN;TRIBUT
162;;CONJUNTO SUPORTE CHANFRADO THIN 90;;;;UN;TRIBUT
349;;COPO DESCARTÁVEL 180ML TRANS.COPOSUL;;;;UN;TRIBUT
46;;CORREDICA H42X450MM  METALNOX 30KG;;;;UN;TRIBUT
4;;CORREDICA INVISIVEL 300MM SOFT CLOSE METALNOX 30KG;;;;UN;TRIBUT
59;;CORREDICA INVISIVEL 350MM  BUMPER CEMARG;;;;UN;TRIBUT
341;;CORREDICA INVISIVEL 350MM SOFT CLOSE METALNOX 30KG;;;;UN;TRIBUT
441;;CORREDICA INVISIVEL 400MM PUSH OPEN 30KG;;;;MT;TRIBUT
60;;CORREDICA INVISIVEL 400MM SOFT CLOSE METALNOX 30KG;;;;UN;TRIBUT
1070;;CORREDICA INVISIVEL 450MM  PUSH OPEN 30KG;;;;UN;---
61;;CORREDICA INVISIVEL 450MM  SOFT CLOSE 30KG METALNOX 1CEMARG;;;;UN;TRIBUT
62;;CORREDICA INVISIVEL 500MM BUMPER CEMARG;;;;UN;TRIBUT
31;;CORREDICA LIGHT 250MM METALNOX;;;;UN;TRIBUT
32;;CORREDICA LIGHT 300MM METALNOX;;;;UN;TRIBUT
33;;CORREDICA LIGHT 350MM METALNOX;;;;UN;TRIBUT
34;;CORREDICA LIGHT 400MM METALNOX;;;;UN;TRIBUT
35;;CORREDICA LIGHT 450MM METALNOX;;;;UN;TRIBUT
36;;CORREDICA LIGHT 500MM METALNOX;;;;UN;TRIBUT
37;;CORREDICA STEEL 250MM METALNOX;;;;UN;TRIBUT
38;;CORREDICA STEEL 300MM METALNOX;;;;UN;TRIBUT
39;;CORREDICA STEEL 350MM METALNOX;;;;UN;TRIBUT
68;;CORREDICA STEEL 400MM CERMAG;;;;UN;TRIBUT
40;;CORREDICA STEEL 400MM METALNOX;;;;UN;TRIBUT
72;;CORREDICA STEEL 450MM CERMAG;;;;UN;TRIBUT
41;;CORREDICA STEEL 450MM METALNOX;;;;UN;TRIBUT
42;;CORREDICA STEEL 500MM METALNOX;;;;UN;TRIBUT
211;;CORREDICA TELESCOPICA  650MM;;;;UN;TRIBUT
47;;CORREDICA TELESCOPICA 400MM COM AMORT/ SOFT CLOSE;;;;UN;TRIBUT
43;;CORREDICA TELESCOPICA 40X250MM GALV. JOMARCA KITS;;;;UN;TRIBUT
45;;CORREDICA TELESCOPICA 40X450MM GALV. JOMARCA KITS;;;;UN;TRIBUT
1101;;CORREDICA TELESCOPICA 42X450MM GALV. JOMARCA KITS;;;;UN;TRIBUT
49;;CORREDICA TELESCOPICA 45X500MM ZI JOMARCA KITS;;;;UN;TRIBUT
64;;CORREDICA TELESCOPICA LIGHT 300MM CERMAG;;;;UN;TRIBUT
51;;CORREDICA TELESCOPICA LIGHT 300MMX35MM JOMARCA KITS;;;;UN;TRIBUT
65;;CORREDICA TELESCOPICA LIGHT 350MM CERMAG;;;;UN;TRIBUT
52;;CORREDICA TELESCOPICA LIGHT 400MMX35MM JOMARCA KITS;;;;UN;TRIBUT
66;;CORREDICA TELESCOPICA LIGHT 450MM CERMAG;;;;UN;TRIBUT
54;;CORREDICA TELESCOPICA LIGHT 500MMX35MM JOMARCA KITS;;;;UN;TRIBUT
67;;CORREDICA TELESCOPICA LIGHT 550MM CERMAG;;;;UN;TRIBUT
69;;CORREDICA TELESCOPICA SMALL 350MM CERMAG;;;;UN;TRIBUT
70;;CORREDICA TELESCOPICA SMALL 400MM CERMAG;;;;UN;TRIBUT
56;;CORREDICA TELESCOPICA STEEL 550MM CERMAG/METALNOX;;;;UN;TRIBUT
77;;CORREDICA TELESCOPICA STELL PUSH OPEN 450MM;;;;UN;TRIBUT
78;;CORREDICA TELESCOPICA STELL PUSH OPEN 500MM;;;;UN;TRIBUT
79;;CORREDICA TELESCOPICA STELL SOFT CLOSE 350MM;;;;UN;TRIBUT
81;;CORREDICA TELESCOPICA STELL SOFT CLOSE 450MM;;;;UN;TRIBUT
82;;CORREDICA TELESCOPICA STELL SOFT CLOSE 500MM;;;;UN;TRIBUT
83;;CORREDICA TELESCOPICA STELL TT45 400MM;;;;UN;TRIBUT
63;;CORREDICA TRILHO TELESCOPICA LIGHT 250MM CERMAG;;;;UN;TRIBUT
365;;CORREIA A  23;;;;UN;TRIBUT
366;;CORREIA EM V TIPO A 47;;;;UN;TRIBUT
367;;CORREIA EM V TIPO A 51;;;;UN;TRIBUT
368;;CORREIA EM V TIPO A 69 WORKER;;;;UN;TRIBUT
369;;CORRETIVO LIQUIDO BRANCO;;;;UN;TRIBUT
703;;CORTE;;;;UN;TRIBUT
164;;DESEMPENADOR DE PORTAS 90CM FVGTN;;;;UN;TRIBUT
165;;DISCO DE LIXA ACO LTF 7 GRAO 36 CARBORUNDUM;;;;UN;TRIBUT
166;;DISCO DE LIXA ACO LTF 7 GRAO 60 CARBORUNDUM;;;;UN;TRIBUT
370;;DISCO DE SERRA CIRCULAR 200X35 6,5MM FEPAM F30;;;;UN;TRIBUT
371;;DISCO DE SERRA CIRCULAR 250 MM X 80 DENTES D30  SW1352508 FEPAM;;;;UN;TRIBUT
1079;;DISCO DE SERRA CIRCULAR DE WIDEA 185X20MM-7.1/4'x20MM 40 DENTES BDS714;;;;UN;TRIBUT
167;;DISCO FIBRA 4.1 2 GRAO 60 CARBURUNDUM;;;;UN;TRIBUT
420;;DISCO LAMINA SERRA CIRCULAR P/ALUMINIO 12-305MM 100DENTES METAL TNT 1517;;;;UN;TRIBUT
372;;DISCO LIXA FIBRA MARMORE 7'' GRAO 120 WORKER;;;;UN;TRIBUT
403;;DISCO LIXA FIBRA MARMORE 7'' GRAO60 WORKER;;;;UN;TRIBUT
559;;DISCO LIXA GRAO 80 VELCRO 125MM 5POL LIXADEIRA;;;;UN;TRIBUT
168;;DIVISOR DE TALHERES 11 6 DIV.MAX 370X510 MIN 310X450;;;;UN;TRIBUT
170;;DOBRADICA 35MM RETA C CALCO JOMARCA KITS;;;;UN;TRIBUT
172;;DOBRADICA ABERTA AUTOMATICA CURVA 35MM CEMARG;;;;UN;TRIBUT
173;;DOBRADICA C PISTAO CALCO FIXO ACO NIQUELADO RETA BRMETAL;;;;UN;TRIBUT
174;;DOBRADICA CURVA 165 GRAUS CALCO FIXO METALNOX;;;;UN;TRIBUT
175;;DOBRADICA CURVA 26MM METALNOX;;;;UN;TRIBUT
176;;DOBRADICA CURVA 35MM ALBRAS;;;;UN;TRIBUT
178;;DOBRADICA CURVA C PISTAO 165 GRAUS CALCO CLICK;;;;UN;TRIBUT
179;;DOBRADICA CURVA CALCO SLIDE ON 4 FUROS 110 ONE WAY METALNOX;;;;UN;TRIBUT
180;;DOBRADICA PINO MOVEL 2 BICROMATIZADA;;;;UN;TRIBUT
181;;DOBRADICA PINO SIMPLES ZINCADO 2 SILVANA;;;;UN;TRIBUT
182;;DOBRADICA PIVOTANTE P PORTA DE VIDRO;;;;UN;TRIBUT
177;;DOBRADICA PREMIUM CURVA 35MM CALCO FIXO C/PISTAO 74G METALNOX;;;;UN;TRIBUT
183;;DOBRADICA PREMIUM RETA 35MM CALCO FIXO C/PISTAO 74G METALNOX;;;;UN;TRIBUT
188;;DOBRADICA PREMIUM SUPER CURVA C/PISTĂO 4 FUROS 110;;;;UN;TRIBUT
184;;DOBRADICA RETA 26MM METALNOX;;;;UN;TRIBUT
185;;DOBRADICA RETA CALCO CLICK 4 FUROS 165 C PISTAO METALNOX;;;;UN;TRIBUT
1102;;DOBRADICA RETA CALCO SLIDE ON 4 FUROS 110 ONE WAY METALNOX;;;;UN;TRIBUT
186;;DOBRADICA RETA CERMAG 35MM;;;;UN;TRIBUT
189;;DOBRADICA SUPER CURVA CALCO SLIDE ON 4 FUROS 110;;;;UN;TRIBUT
190;;DOBRADICA VAI E VEM 3 CROMADA ISERO;;;;UN;TRIBUT
1109;;DOBRADICA VAI E VEM 3 CROMADA UNIAO;;;;UN;TRIBUT
116;;DOBRADICA VAI E VEM 3 NIQUELADA PAR KALA;;;;UN;TRIBUT
191;;DOBRADICA VAI E VEM 3 PRETA PAR KALA;;;FERRAGENS NEGRĂO;UN;TRIBUT
192;;DOBRADICA ZINCADA 7,5CM SILVANA;;;;UN;TRIBUT
193;;DV900 SAPATA DESLIZADORA 22M C PREGO BASE PLASTICO;;;;UN;TRIBUT
750;;EMENDA L PARA FITA LED;;;;UN;TRIBUT
373;;ESCAREADOR 3X10MM;;;;UN;TRIBUT
374;;ESCAREADOR 3X8MM;;;;UN;TRIBUT
375;;ESCAREADOR 3X8MM COM REGULAGEM;;;;UN;TRIBUT
376;;ESCAREADOR 7.8 BROCA 3.5;;;;UN;TRIBUT
194;;ESPACADOR INOX 10CM POLIDO;;;;UN;TRIBUT
195;;ESPACADOR INOX DIAM 25MM ALT 5CM  CM 258  PL  POLIDO;;;;UN;TRIBUT
378;;ESPATULA DE ACO;;;;UN;TRIBUT
196;;ESQUADRETA KIT 4UND 41MM TORO COMPONENTES;;;;UN;TRIBUT
379;;ESTILETE IRWIN STANDARD;;;;UN;TRIBUT
380;;ESTOPA BRANCA 150G;;;;UN;TRIBUT
197;;FECHADURA 22MM METALNOX 21812;;;;UN;TRIBUT
198;;FECHADURA 32MM METALNOX 21813;;;;UN;TRIBUT
199;;FECHADURA AUXILIAR TETRA OXIDADA 1004 STAM;;;;UN;TRIBUT
203;;FECHADURA BICO DE PAPAGAIO CR- SOPRANO;;;;UN;TRIBUT
200;;FECHADURA DE FERRO P MOVEIS;;;;UN;TRIBUT
207;;FECHADURA FECHO PIVOTANTE AUXILIAR INOX CROMADO STAM TRINCO ROLETE;;;;UN;TRIBUT
97;;FECHADURA FECHO PIVOTANTE CROMADO STAM;;;;UN;TRIBUT
201;;FECHADURA P GAVETA 22MM 861CANO CURTO FGVTN;;;;UN;TRIBUT
202;;FECHADURA P GAVETA 32MM 2861CANO LONGO FGVTN;;;;UN;TRIBUT
204;;FECHADURA P PORTA DE CORRER FGVTN;;;;UN;TRIBUT
205;;FECHO DUPLA ESFERA;;;;UN;TRIBUT
209;;FECHO ROLETE;;;;UN;TRIBUT
85;;FIO PARALELO 1,5MM N14BC MEGATRON 100M;;;;UN;TRIBUT
753;;FITA 240 LEDS/M BRANCO FRIO 6000K DIRETO NA REDE 10MT BRILUZ;;;;UN;TRIBUT
799;;FITA ADEGA 22MMX20MTMM REHAU;;;;MT;TRIBUT
95;;FITA ADEGA 64MMX20MTMM REHAU;;;;UN;TRIBUT
128;;FITA AMARELO GEMA 20X35MT;;;;UN;TRIBUT
1191;;FITA AMARELO GEMA REHAU 35MMX20MT;;;;MT;TRIBUT
457;;FITA ANOITECER TEGUS 110MMX20MT;;;;MT;TRIBUT
1145;;FITA ANOITECER TEGUS 22MMX20MT;;;;MT;TRIBUT
440;;FITA ANOITECER TEGUS 65MMX20MT;;;;MT;TRIBUT
445;;FITA AREIA NORONHA REHAU 100MMX50MT;;;;MT;TRIBUT
446;;FITA AREIA NORONHA REHAU 22MMX20MT;;;;MT;TRIBUT
447;;FITA AREIA NORONHA REHAU 35MMX20MT;;;;MT;TRIBUT
448;;FITA AREIA NORONHA REHAU 64MMX20MT;;;;MT;TRIBUT
1129;;FITA AREIA NORONHA TEGUS 110MMX20MT;;;;MT;TRIBUT
1112;;FITA AREIA NORONHA TEGUS 22MMX20MT;;;;MT;TRIBUT
1128;;FITA AREIA NORONHA TEGUS 65MMX20MT;;;;MT;TRIBUT
453;;FITA ARENAS GRAFIS REHAU 100MMX20MT;;;;MT;TRIBUT
454;;FITA ARENAS GRAFIS REHAU 22MMX20MT;;;;MT;TRIBUT
455;;FITA ARENAS GRAFIS REHAU 35MMX20MT;;;;MT;TRIBUT
456;;FITA ARENAS GRAFIS REHAU 64MMX20MT;;;;MT;TRIBUT
1122;;FITA ARENAS GRAFIS TEGUS 110MMX20MT;;;;MT;TRIBUT
1120;;FITA ARENAS GRAFIS TEGUS 22MMX20MT;;;;MT;TRIBUT
1121;;FITA ARENAS GRAFIS TEGUS 65MMX20MT;;;;MT;TRIBUT
458;;FITA ARENAS RAIZES REHAU 35MMX300MT;;;;MT;TRIBUT
459;;FITA ARGENTO LISO REHAU 100MMX300MT;;;;MT;TRIBUT
460;;FITA ARGENTO LISO REHAU 22MMX300MT;;;;MT;TRIBUT
461;;FITA ARGENTO LISO REHAU 35MMX300MT;;;;MT;TRIBUT
462;;FITA ARGENTO LISO REHAU 64MMX20MT;;;;MT;TRIBUT
717;;FITA ARGOS  REHAU 35MMX20MT;;;;MT;TRIBUT
495;;FITA ARGOS REHAU 64MMX20MT;;;;MT;TRIBUT
716;;FITA ARGOS SUPERFOSCO REHAU 22MMX20MT;;;;MT;TRIBUT
464;;FITA ARGOS TEGUS 110MMX300MT;;;;MT;TRIBUT
465;;FITA ARGOS TEGUS 22MMX300MT;;;;MT;TRIBUT
463;;FITA ASFALTO REHAU 100MMX20MT;;;;MT;TRIBUT
511;;FITA ASFALTO REHAU 22MMX20MT;;;;MT;TRIBUT
1067;;FITA ASFALTO REHAU 64MMX20MT;;;;MT;TRIBUT
528;;FITA ASFALTO REHAU 64MMX20MT;;;;MT;TRIBUT
1111;;FITA ASFALTO TEGUS 110MMX20MT;;;;MT;TRIBUT
1110;;FITA ASFALTO TEGUS 22MMX20MT;;;;MT;TRIBUT
499;;FITA ASFALTO TEGUS 65MMX20MT;;;;MT;TRIBUT
1073;;FITA ASPEN REHAU 100MMX50MT;;;;MT;TRIBUT
1072;;FITA ASPEN REHAU 22MMX20MT;;;;MT;TRIBUT
1081;;FITA ASPEN REHAU 64MMX20MT;;;;MT;TRIBUT
1162;;FITA BARCELONA REHAU 100MMX20MT;;;;MT;TRIBUT
467;;FITA BARCELONA REHAU 22MMX20MT;;;;MT;TRIBUT
1096;;FITA BARCELONA REHAU 35MMX20MT;;;;MT;TRIBUT
466;;FITA BARCELONA REHAU 64MMX20MT;;;;MT;TRIBUT
468;;FITA BARCELONA TEGUS 22MMX300MT;;;;MT;TRIBUT
1077;;FITA BARILOCHE REHAU 100MMX50MT;;;;MT;TRIBUT
1076;;FITA BARILOCHE REHAU 22MMX20MT;;;;MT;TRIBUT
1085;;FITA BARILOCHE REHAU 35MMX20MT;;;;MT;TRIBUT
1082;;FITA BARILOCHE REHAU 64MMX20MT;;;;MT;TRIBUT
469;;FITA BIANCO PERLATO REHAU 22MMX300MT;;;;MT;TRIBUT
470;;FITA BIANCO PERLATO REHAU 35MMX300MT;;;;MT;TRIBUT
471;;FITA BLUE SKY REHAU 100MX50MT;;;;MT;TRIBUT
521;;FITA BLUE SKY REHAU 22MM20MT;;;;MT;TRIBUT
84;;FITA BLUE SKY REHAU 35MMX20MT;;;;MT;TRIBUT
472;;FITA BLUE SKY REHAU 64MMX20MT;;;;MT;TRIBUT
473;;FITA BOTTICINO REHAU 22MMX300MT;;;;MT;TRIBUT
474;;FITA BOTTICINO REHAU 64MMX300MT;;;;MT;TRIBUT
477;;FITA BRANCA TX REHAU 100MMX300MT;;;;MT;TRIBUT
476;;FITA BRANCA TX REHAU 22MMX50MT;;;;MT;TRIBUT
480;;FITA BRANCA TX REHAU 22MMX600MT;;;;MT;TRIBUT
481;;FITA BRANCA TX REHAU 35MMX50MT;;;;MT;TRIBUT
482;;FITA BRANCA TX REHAU 64MMX300M;;;;MT;TRIBUT
1127;;FITA BRANCA TX TEGUS 110MMX20MT;;;;MT;TRIBUT
478;;FITA BRANCA TX TEGUS 22MMX300MT;;;;MT;TRIBUT
1068;;FITA BRANCA TX TEGUS 22MMX50MT;;;;MT;TRIBUT
1126;;FITA BRANCA TX TEGUS 65MMX20MT;;;;MT;TRIBUT
483;;FITA BRANCO MAX REHAU 100MMX50MT;;;;MT;TRIBUT
484;;FITA BRANCO MAX REHAU 22MMX20MT;;;;MT;TRIBUT
485;;FITA BRANCO MAX REHAU 35MMX20MT;;;;MT;TRIBUT
486;;FITA BRANCO MAX REHAU 64MMX20MT;;;;MT;TRIBUT
487;;FITA BRANCO NEVE LACCA REHAU 100MMX300MT;;;;MT;TRIBUT
488;;FITA BRANCO NEVE LACCA REHAU 22MMX300MT;;;;MT;TRIBUT
489;;FITA BRANCO NEVE LACCA REHAU 35MMX300MT;;;;MT;TRIBUT
490;;FITA BRANCO NEVE LACCA REHAU 64MMX300MT;;;;MT;TRIBUT
491;;FITA BRANCO NEVE LACCA TEGUS 110MMX50MT;;;;MT;TRIBUT
492;;FITA BRANCO NEVE LACCA TEGUS 22MMX20MT;;;;MT;TRIBUT
578;;FITA BRANCO NEVE LACCA TEGUS 22MMX20MT;;;;MT;TRIBUT
494;;FITA BRANCO NEVE LACCA TEGUS 35MMX20MT;;;;MT;TRIBUT
1130;;FITA BRANCO NEVE LACCA TEGUS 65MMX20MT;;;;MT;TRIBUT
451;;FITA CABIUNA NOBRE REHAU 100MMX50MT;;;;MT;TRIBUT
3;;FITA CABIUNA NOBRE REHAU 22MMX20MT;;;;MT;TRIBUT
1167;;FITA CABIUNA NOBRE TEGUS 110MMX20MT;;;;MT;TRIBUT
1168;;FITA CABIUNA NOBRE TEGUS 22MMX20MT;;;;MT;TRIBUT
1113;;FITA CABIUNA NOBRE TEGUS 65MMX20MT;;;;MT;TRIBUT
496;;FITA CACAO FUME CLASSICO FOSCO REHAU 100MMX300MT;;;;MT;TRIBUT
497;;FITA CACAO FUME CLASSICO FOSCO REHAU 22MMX300MT;;;;MT;TRIBUT
500;;FITA CACAU NATURAL REHAU 100MMX50MT;;;;MT;TRIBUT
501;;FITA CACAU NATURAL REHAU 22MMX20MT;;;;MT;TRIBUT
502;;FITA CACAU NATURAL REHAU 35MMX20MT;;;;MT;TRIBUT
503;;FITA CACAU NATURAL REHAU 64MMX20MT;;;;MT;TRIBUT
504;;FITA CACAU NATURAL TEGUS 110MMX50MT;;;;MT;TRIBUT
580;;FITA CACAU NATURAL TEGUS 22MMX20MT;;;;MT;TRIBUT
505;;FITA CACAU NATURAL TEGUS 35MMX20MT;;;;MT;TRIBUT
524;;FITA CARBON MESH REHAU 100MMX20MT;;;;MT;TRIBUT
810;;FITA CARBON MESH REHAU 22MMX20MT;;;;MT;TRIBUT
811;;FITA CARBON MESH REHAU 35MMX20MT;;;;MT;TRIBUT
581;;FITA CARBON MESH REHAU 64MMX20MT;;;;MT;TRIBUT
1136;;FITA CARBON MESH TEGUS 110MMX20MT GF1;;;;MT;TRIBUT
1134;;FITA CARBON MESH TEGUS 22MMX20MT GF1;;;;MT;TRIBUT
1135;;FITA CARBON MESH TEGUS 65MMX20MT GF1;;;;MT;TRIBUT
510;;FITA CARBON SUPERMATE REHAU 64MMX20MT;;;;MT;TRIBUT
506;;FITA CARBONO REHAU 100MMX300MT;;;;MT;TRIBUT
507;;FITA CARBONO REHAU 22MMX300MT;;;;MT;TRIBUT
508;;FITA CARBONO REHAU 35MMX300MT;;;;MT;TRIBUT
509;;FITA CARBONO REHAU 64MMX20MT;;;;MT;TRIBUT
512;;FITA CARVALHO CANELA 100MMX50MT;;;;MT;TRIBUT
513;;FITA CARVALHO CANELA 35MMX200MT;;;;MT;TRIBUT
514;;FITA CARVALHO CANELA REHAU 100MMX300MT;;;;MT;TRIBUT
525;;FITA CARVALHO EUROPEU REHAU 22MMX20MT P714;;;;MT;TRIBUT
57;;FITA CARVALHO EUROPEU REHAU 64MMX20MT;;;;MT;TRIBUT
519;;FITA CARVALHO EUROPEU TEGUS 110MMX300MT;;;;UN;TRIBUT
520;;FITA CARVALHO EUROPEU TEGUS 22MMX300MT;;;;MT;TRIBUT
450;;FITA CARVALHO GUARANA 22X20MT  REHAU P744;;;;MT;TRIBUT
53;;FITA CARVALHO GUARANA 64X20MT  REHAU;;;;MT;TRIBUT
522;;FITA CASTANHO BRONZE REHAU 22MMX300MT;;;;MT;TRIBUT
526;;FITA CHANDELIER TEGUS 110MMX300MT;;;;MT;TRIBUT
527;;FITA CHANDELIER TEGUS 22MMX300MT;;;;MT;TRIBUT
529;;FITA CINNAMON REHAU 100MMX300MT;;;;MT;TRIBUT
530;;FITA CINNAMON REHAU 22MMX300MT;;;;MT;TRIBUT
531;;FITA CINNAMON REHAU 35MMX300MT;;;;MT;TRIBUT
532;;FITA CINNAMON REHAU 64MMX300MT;;;;MT;TRIBUT
657;;FITA CINZA CRISTAL REHAU 22MMX20MT;;;;MT;TRIBUT
1163;;FITA CINZA CRISTAL REHAU 35MMX20MT;;;;MT;TRIBUT
515;;FITA CINZA CRISTAL REHAU 64MMX20MT;;;;MT;TRIBUT
533;;FITA CINZA ITALIA LACCA REHAU 100MMX300MT;;;;MT;TRIBUT
534;;FITA CINZA ITALIA LACCA REHAU 22MMX300MT;;;;MT;TRIBUT
535;;FITA CINZA ITALIA LACCA REHAU 35MMX20MT;;;;MT;TRIBUT
536;;FITA CINZA ITALIA LACCA REHAU 64MMX300MT;;;;MT;TRIBUT
537;;FITA CINZA ITALIA LACCA TEGUS 110MMX20MT L01;;;;MT;TRIBUT
538;;FITA CINZA ITALIA LACCA TEGUS 22MMX20MT;;;;MT;TRIBUT
575;;FITA CINZA ITALIA LACCA TEGUS 35MMX20MT;;;;MT;TRIBUT
1133;;FITA CINZA ITALIA LACCA TEGUS 65MMX20MT;;;;MT;TRIBUT
1138;;FITA CINZA SUPREMO LACCA TEGUS 110MMX20MT;;;;MT;TRIBUT
1146;;FITA CINZA SUPREMO LACCA TEGUS 22MMX20MT;;;;MT;TRIBUT
1147;;FITA CINZA SUPREMO LACCA TEGUS 65MMX20MT;;;;MT;TRIBUT
539;;FITA CINZA SUPREMO LISO REHAU 100MMX50MT;;;;MT;TRIBUT
540;;FITA CINZA SUPREMO LISO REHAU 22MMX20MT;;;;MT;TRIBUT
541;;FITA CINZA SUPREMO LISO REHAU 35MMX20MT;;;;MT;TRIBUT
542;;FITA CINZA SUPREMO LISO REHAU 64MMX20MT;;;;MT;TRIBUT
543;;FITA CINZA SUPREMO REHAU 100MMX50MT;;;;MT;TRIBUT
544;;FITA CINZA SUPREMO REHAU 22MMX20MT;;;;MT;TRIBUT
545;;FITA CINZA SUPREMO REHAU 35MMX20MT;;;;MT;TRIBUT
546;;FITA CINZA SUPREMO REHAU 64MMX20MT;;;;MT;TRIBUT
547;;FITA CINZA SUPREMO TEGUS 110MMX50MT;;;;MT;TRIBUT
548;;FITA CINZA SUPREMO TEGUS 22MMX20MT;;;;MT;TRIBUT
549;;FITA CINZA SUPREMO TEGUS 35MMX20MT;;;;MT;TRIBUT
550;;FITA CINZA SUPREMO TEGUS 65MMX20MT;;;;MT;TRIBUT
493;;FITA CINZA URBANO LACCA REHAU 100MMX20MT;;;;MT;TRIBUT
92;;FITA CINZA URBANO LACCA REHAU 22MMX20MT;;;;MT;TRIBUT
130;;FITA CINZA URBANO LACCA REHAU 35MMX20MT;;;;MT;TRIBUT
131;;FITA CINZA URBANO LACCA REHAU 64MMX20MT;;;;MT;TRIBUT
1170;;FITA CINZA URBANO LACCA TEGUS 110MMX20MT L01;;;;MT;TRIBUT
1131;;FITA CINZA URBANO LACCA TEGUS 22MMX20MT;;;;MT;TRIBUT
1132;;FITA CINZA URBANO LACCA TEGUS 65MMX20MT;;;;MT;TRIBUT
551;;FITA CINZA URBANO REHAU 100MMX50MT;;;;MT;TRIBUT
552;;FITA CINZA URBANO REHAU 22MMX20MT;;;;MT;TRIBUT
553;;FITA CINZA URBANO REHAU 35MMX20MT;;;;MT;TRIBUT
554;;FITA CINZA URBANO REHAU 64MMX20MT;;;;MT;TRIBUT
555;;FITA CINZA URBANO TEGUS 110MMX50MT;;;;MT;TRIBUT
556;;FITA CINZA URBANO TEGUS 22MMX20MT;;;;MT;TRIBUT
558;;FITA CINZA URBANO TEGUS 65MMX20MT;;;;MT;TRIBUT
1084;;FITA CITY  22MMX20MT REHAU;;;;MT;TRIBUT
1090;;FITA CITY  35MMX20MT REHAU;;;;MT;TRIBUT
50;;FITA CITY  64MMX20MT REHAU;;;;MT;TRIBUT
1141;;FITA CITY TEGUS 110MMX20MT;;;;MT;TRIBUT
1137;;FITA CITY TEGUS 22MMX20MT;;;;MT;TRIBUT
517;;FITA CITY TEGUS 65MMX20MT;;;;MT;TRIBUT
560;;FITA COBRE LISO REHAU 22MMX300MT;;;;MT;TRIBUT
561;;FITA COBRE LISO REHAU 35MMX300MT;;;;MT;TRIBUT
381;;FITA CREPE 24MMX50M;;;;UN;TRIBUT
1144;;FITA CREPUSCULO TEGUS 110MMX20MT;;;;MT;TRIBUT
1142;;FITA CREPUSCULO TEGUS 22MMX20MT;;;;MT;TRIBUT
1143;;FITA CREPUSCULO TEGUS 65MMX20MT;;;;MT;TRIBUT
562;;FITA CRISTAL AQUA REHAU 100MMX50MT;;;;MT;TRIBUT
563;;FITA CRISTAL AQUA REHAU 22MMX20MT;;;;MT;TRIBUT
564;;FITA CRISTAL AQUA REHAU 35MMX20MT;;;;MT;TRIBUT
565;;FITA CRISTAL AQUA REHAU 64MMX20MT;;;;MT;TRIBUT
566;;FITA CRISTAL AQUA TEGUS 110MMX50MT;;;;MT;TRIBUT
568;;FITA CRISTAL AQUA TEGUS 65MMX20MT;;;;MT;TRIBUT
573;;FITA DUNAS M01 TEGUS 110MMX20MT;;;;MT;TRIBUT
1171;;FITA DUNAS M01 TEGUS 65MMX20MT;;;;MT;TRIBUT
569;;FITA DUNAS REHAU 100MMX50MT;;;;MT;TRIBUT
570;;FITA DUNAS REHAU 22MMX20MT;;;;MT;TRIBUT
571;;FITA DUNAS REHAU 35MMX20MT;;;;MT;TRIBUT
572;;FITA DUNAS REHAU 64MMX20MT;;;;MT;TRIBUT
574;;FITA DUNAS TEGUS 22MMX20MT;;;;MT;TRIBUT
19;;FITA DUPLA FACE VHB 4910 19MMX20M 3M;;;;UN;TRIBUT
427;;FITA DURBAN REHAU 35MMx20MT;;;;UN;TRIBUT
99;;FITA DURBAN REHAU 64MMx20MT;;;;MT;TRIBUT
576;;FITA ELMO MACHIATO REHAU 100MMX300MT;;;;MT;TRIBUT
577;;FITA ELMO MACHIATO REHAU 22MMX300MT;;;;MT;TRIBUT
579;;FITA ELMO MACHIATO REHAU 64MMX300MT;;;;MT;TRIBUT
382;;FITA EMPACOTADEIRA/DUREX 3M 45X40;;;;UN;TRIBUT
582;;FITA FASANO REHAU 100MMX300MT;;;;MT;TRIBUT
583;;FITA FASANO REHAU 22MMX300MT;;;;MT;TRIBUT
584;;FITA FASANO REHAU 35MMX300MT;;;;MT;TRIBUT
585;;FITA FASANO REHAU 64MMX300MT;;;;MT;TRIBUT
699;;FITA FENDI MESH M01 TEGUS 65MMX20MT;;;;MT;TRIBUT
591;;FITA FENDI MESH REHAU 35MMX20MT;;;;MT;TRIBUT
588;;FITA FENDI MESH REHAU 64MMX300MT;;;;MT;TRIBUT
586;;FITA FENDI MESH TEGUS 110MMX300MT;;;;MT;TRIBUT
587;;FITA FENDI MESH TEGUS 22MMX300MT;;;;MT;TRIBUT
589;;FITA FENDI SUPERMATE V01 TEGUS 110MMX300MT;;;;MT;TRIBUT
590;;FITA FENDI SUPERMATE V01 TEGUS 22MMX20MT;;;;MT;TRIBUT
1169;;FITA FENDI SUPERMATE V01 TEGUS 65MMX20MT;;;;MT;TRIBUT
611;;FITA FENDI SUPERMATTE REHAU 64MMX20MT;;;;MT;TRIBUT
1161;;FITA FLORESTA REHAU 100MMX50MT;;;;MT;TRIBUT
76;;FITA FLORESTA REHAU 22MMX20MT;;;;MT;TRIBUT
1071;;FITA FLORESTA REHAU 35MMX20MT;;;;MT;TRIBUT
479;;FITA FLORESTA REHAU 64MMX20MT;;;;MT;TRIBUT
593;;FITA FREIJO AMBAR REHAU 100MMX300MT;;;;MT;TRIBUT
594;;FITA FREIJO AMBAR REHAU 22MMX300MT;;;;MT;TRIBUT
595;;FITA FREIJO AMBAR REHAU 35MMX300MT;;;;MT;TRIBUT
596;;FITA FREIJO AMBAR REHAU 64MMX300MT;;;;MT;TRIBUT
597;;FITA FREIJO BRASIL REHAU 100MMX50MT;;;;MT;TRIBUT
598;;FITA FREIJO BRASIL REHAU 22MMX20MT;;;;MT;TRIBUT
599;;FITA FREIJO BRASIL REHAU 35MMX20MT;;;;MT;TRIBUT
600;;FITA FREIJO BRASIL REHAU 64MMX20MT;;;;MT;TRIBUT
1148;;FITA FREIJO BRASIL TEGUS 22MMX20MT;;;;MT;TRIBUT
1173;;FITA FREIJO BRASIL TEGUS M01 110MMX20MT;;;;MT;TRIBUT
1172;;FITA FREIJO BRASIL TEGUS M01 65MMX20MT;;;;MT;TRIBUT
801;;FITA FREIJO NATURAL REHAU 100MMX300MT;;;;MT;TRIBUT
1194;;FITA FREIJO NATURAL REHAU 22MMX20MT P701;;;;UN;TRIBUT
1193;;FITA FREIJO NATURAL REHAU 35MMX20MT P701;;;;UN;TRIBUT
622;;FITA FREIJO NATURAL REHAU 64MMX20MT;;;;UN;TRIBUT
601;;FITA FREIJO NATURAL TEGUS 110MMX300MT;;;;MT;TRIBUT
602;;FITA FREIJO NATURAL TEGUS 22MMX300MT;;;;MT;TRIBUT
475;;FITA FREIJO TUCUMA REHAU 22MMx20MT;;;;MT;TRIBUT
1092;;FITA FREIJO TUCUMA REHAU 35MMx20MT;;;;MT;TRIBUT
567;;FITA FREIJO TUCUMA REHAU 64MMx20MT;;;;MT;TRIBUT
1166;;FITA FREIJO TUCUMA TEGUS 110MMX20MT;;;;MT;TRIBUT
449;;FITA FREIJO TUCUMA TEGUS 22MMX20MT;;;;MT;TRIBUT
340;;FITA FREIJO TUCUMA TEGUS 65MMX20MT;;;;MT;TRIBUT
603;;FITA FUME CLASSICO TEGUS 110MMX50MT;;;;MT;TRIBUT
604;;FITA FUME CLASSICO TEGUS 22MMX20MT;;;;MT;TRIBUT
605;;FITA FUME CLASSICO TEGUS 35MMX20MT;;;;MT;TRIBUT
606;;FITA FUME CLASSICO TEGUS 65MMX20MT;;;;MT;TRIBUT
607;;FITA FUME LACCA REHAU 100MMX300MT;;;;MT;TRIBUT
608;;FITA FUME LACCA REHAU 22MMX300MT;;;;MT;TRIBUT
609;;FITA FUME LACCA REHAU 35MMX300MT;;;;MT;TRIBUT
610;;FITA FUME LACCA REHAU 64MMX300MT;;;;MT;TRIBUT
612;;FITA IMBUIA TERRA REHAU 100MMX300MT;;;;MT;TRIBUT
613;;FITA IMBUIA TERRA REHAU 22MMX300MT;;;;MT;TRIBUT
614;;FITA IMBUIA TERRA REHAU 35MMX300MT;;;;MT;TRIBUT
615;;FITA IMBUIA TERRA REHAU 64MMX20MT;;;;MT;TRIBUT
383;;FITA ISOLANTE;;;;UN;TRIBUT
616;;FITA ITALIAN NOCE BRILHANTE 100MMX50MT;;;;MT;TRIBUT
617;;FITA ITALIAN NOCE MATT PLUS REHAU 100MMX300MT;;;;MT;TRIBUT
618;;FITA ITALIAN NOCE MATT PLUS REHAU 22MMX300MT;;;;MT;TRIBUT
619;;FITA ITALIAN NOCE MATT PLUS REHAU 35MMX300MT;;;;MT;TRIBUT
620;;FITA ITALIAN NOCE MATT PLUS REHAU 64MMX20M;;;;MT;TRIBUT
623;;FITA LAMINA DOURADA REHAU 100MMX300MT;;;;MT;TRIBUT
624;;FITA LAMINA DOURADA REHAU 22MMX300MT;;;;MT;TRIBUT
625;;FITA LAMINA DOURADA REHAU 35MMX300MT;;;;MT;TRIBUT
626;;FITA LAMINA DOURADA REHAU 64MMX300MT;;;;MT;TRIBUT
1155;;FITA LAMINA DOURADA TEGUS 110MMX20MT;;;;MT;TRIBUT
1154;;FITA LAMINA DOURADA TEGUS 22MMX20MT;;;;MT;TRIBUT
621;;FITA LAMINA DOURADA TEGUS 65MMX20MT;;;;MT;TRIBUT
627;;FITA LAMINA NATURALLE REHAU 100MMX50MT;;;;MT;TRIBUT
628;;FITA LAMINA NATURALLE REHAU 22MMX20MT;;;;MT;TRIBUT
629;;FITA LAMINA NATURALLE REHAU 35MMX20MT;;;;MT;TRIBUT
630;;FITA LAMINA NATURALLE REHAU 64MMX20MT;;;;MT;TRIBUT
91;;FITA LED 120 LED/M 220V 10M 3000K IP44  FT230 LEDLINE;;;;UN;TRIBUT
760;;FITA LED 12V 120 LED M 3000K S/SILICONE 5MT LEDLINE FT230;;;;UN;TRIBUT
757;;FITA LED 12V 240 LED M 3000K S/SILICONE 5MT LEDLINE FT430;;;;UN;TRIBUT
105;;FITA LED 12V 3528 S SILICONE 120 LED M 6000K 5MT LEDLINE;;;;UN;TRIBUT
758;;FITA LED 12V 3528 S SILICONE 240 LED M 6000K 5MT LEDLINE;;;;UN;TRIBUT
90;;FITA LED 2835 IP44 120 LED/M 6000K 10M 220VOLTS LEDLINE;;;;UN;TRIBUT
755;;FITA LED 4000K 120 LEDS 12V BRANCO NEUTRO 5MT BRILUZ;;;;UN;TRIBUT
756;;FITA LED 4000K 240 LEDS 12V BRANCO NEUTRO 5MT BRILUZ;;;;UN;TRIBUT
15;;FITA LED COLORIDA;;;;UN;TRIBUT
759;;FITA LED CONTINUO 320 LED/M 12V 5 METROS 4000K;;;;UN;TRIBUT
518;;FITA LENHO REHAU 22MMx20MT;;;;MT;TRIBUT
100;;FITA LENHO REHAU 64MMx20MT;;;;UN;TRIBUT
637;;FITA LOURO FREIJO REHAU 100MMX50MT;;;;MT;TRIBUT
638;;FITA LOURO FREIJO REHAU 22MMX20MT;;;;MT;TRIBUT
443;;FITA LOURO FREIJO REHAU 35MMX20MT;;;;MT;TRIBUT
639;;FITA LOURO FREIJO REHAU 64MMX20MT;;;;MT;TRIBUT
1151;;FITA LOURO FREIJO TEGUS 110MMX20MT;;;;MT;TRIBUT
1149;;FITA LOURO FREIJO TEGUS 22MMX20MT;;;;MT;TRIBUT
1150;;FITA LOURO FREIJO TEGUS 65MMX20MT;;;;MT;TRIBUT
736;;FITA MADERO CINZA REHAU 22MMX200MT P168;;;;MT;TRIBUT
442;;FITA MADERO CINZA REHAU 64MMX200MT P168;;;;MT;TRIBUT
1125;;FITA MADERO CINZA TEGUS 110MMX20MT;;;;MT;TRIBUT
1123;;FITA MADERO CINZA TEGUS 22MMX20MT;;;;MT;TRIBUT
1124;;FITA MADERO CINZA TEGUS 65MMX20MT;;;;MT;TRIBUT
48;;FITA MANGA ROSA  64MMX20MT REHAU;;;;MT;TRIBUT
640;;FITA METTALLON REHAU 22MMX300MT;;;;MT;TRIBUT
641;;FITA METTALLON REHAU 64MMX300MT;;;;MT;TRIBUT
642;;FITA NATURAL OAK REHAU 100MMX300MT;;;;MT;TRIBUT
643;;FITA NATURAL OAK REHAU 22MMX300MT;;;;MT;TRIBUT
644;;FITA NATURAL OAK REHAU 35MMX300MT;;;;MT;TRIBUT
645;;FITA NATURAL OAK REHAU 64MMX300MT;;;;MT;TRIBUT
646;;FITA NEVADA PORO REHAU 100MMX20MT;;;;MT;TRIBUT
647;;FITA NEVADA PORO REHAU 22MMX20MT;;;;MT;TRIBUT
648;;FITA NEVADA PORO REHAU 35MMX20MT;;;;MT;TRIBUT
649;;FITA NEVADA PORO REHAU 64MMX20MT;;;;MT;TRIBUT
650;;FITA NOCE ORO REHAU 100MMX50MT;;;;MT;TRIBUT
651;;FITA NOCE ORO REHAU 22MMX300MT;;;;MT;TRIBUT
652;;FITA NOCE ORO REHAU 35MMX300MT;;;;MT;TRIBUT
653;;FITA NOCE ORO REHAU 64MMX300MT;;;;MT;TRIBUT
1116;;FITA NOCE ORO TEGUS 110MMX20MT;;;;MT;TRIBUT
1114;;FITA NOCE ORO TEGUS 22MMX20MT;;;;MT;TRIBUT
1115;;FITA NOCE ORO TEGUS 65MMX20MT;;;;MT;TRIBUT
654;;FITA NOGAL AMENDOADO REHAU 100MMX50MT;;;;MT;TRIBUT
655;;FITA NOGAL AMENDOADO REHAU 22MMX20MT;;;;MT;TRIBUT
656;;FITA NOGAL AMENDOADO REHAU 35MMX20MT;;;;MT;TRIBUT
74;;FITA NOGAL AMENDOADO REHAU 64MMX20MT;;;;MT;TRIBUT
658;;FITA NOGUEIRA BOREAL REHAU 100MMX300MT;;;;MT;TRIBUT
516;;FITA NOGUEIRA IMPERIAL REHAU 64MMX20MT;;;;MT;TRIBUT
660;;FITA NOGUEIRA IMPERIAL TEGUS 110MMX300MT;;;;MT;TRIBUT
661;;FITA NOGUEIRA IMPERIAL TEGUS 22MMX300MT;;;;MT;TRIBUT
662;;FITA NORDICO REHAU 22MMX300MT;;;;MT;TRIBUT
663;;FITA NORDICO REHAU 64MMX300MT;;;;MT;TRIBUT
664;;FITA NORDICO TEGUS 110MMX50MT;;;;MT;TRIBUT
665;;FITA NORDICO TEGUS 22MMX20MT;;;;MT;TRIBUT
666;;FITA NORDICO TEGUS 65MMX20MT;;;;MT;TRIBUT
667;;FITA OXID LISO REHAU 100MMX300MT;;;;MT;TRIBUT
668;;FITA OXID LISO REHAU 22MMX300MT;;;;MT;TRIBUT
669;;FITA OXID LISO REHAU 35MMX300MT;;;;MT;TRIBUT
1097;;FITA PANNA REHAU 100MMX20MT;;;;MT;TRIBUT
1074;;FITA PANNA REHAU 22MMX20MT;;;;MT;TRIBUT
1083;;FITA PANNA REHAU 35MMX20MT;;;;MT;TRIBUT
1075;;FITA PANNA REHAU 64MMX20MT;;;;MT;TRIBUT
671;;FITA PAU FERRO JUCA REHAU 22MMX20MT;;;;MT;TRIBUT
673;;FITA PAU FERRO JUCA REHAU 35MMX20MT;;;;MT;TRIBUT
73;;FITA PAU FERRO JUCÁ REHAU 64MMX20MT;;;;MT;TRIBUT
1140;;FITA PAU FERRO JUCA TEGUS 110MMX20MT;;;;MT;TRIBUT
1139;;FITA PAU FERRO JUCA TEGUS 65MMX20MT;;;;MT;TRIBUT
672;;FITA PAU FERRO TEGUS 22MMX300MT;;;;MT;TRIBUT
674;;FITA PEROBA ROSA REHAU 100MMX300MT EUCATEX;;;;MT;TRIBUT
675;;FITA PEROBA ROSA REHAU 22MMX300MT;;;;MT;TRIBUT
676;;FITA PEROBA ROSA REHAU 35MMX300MT;;;;MT;TRIBUT
677;;FITA PEROBA ROSA REHAU 64MMX300MT;;;;MT;TRIBUT
1153;;FITA PEROBA ROSA TEGUS 110MMX20MT;;;;MT;TRIBUT
680;;FITA PEROBA ROSA TEGUS 22MMX20MT;;;;MT;TRIBUT
1152;;FITA PEROBA ROSA TEGUS 65MMX20MT;;;;MT;TRIBUT
1099;;FITA PETALA ROSA REHAU 100MMX20MT;;;;MT;TRIBUT
681;;FITA PETALA ROSA REHAU 22MMX20MT;;;;MT;TRIBUT
682;;FITA PETALA ROSA REHAU 35MMX20MT;;;;MT;TRIBUT
683;;FITA PETALA ROSA REHAU 64MMX20MT;;;;MT;TRIBUT
111;;FITA PIETRASANTA REHAU 100MMX20MT;;;;UN;TRIBUT
684;;FITA PIETRASANTA REHAU 22MMX300MT;;;;MT;TRIBUT
635;;FITA PIETRASANTA REHAU 35MMX20MT;;;;MT;TRIBUT
55;;FITA PIETRASANTA REHAU 64MMX20MT;;;;MT;TRIBUT
685;;FITA PIETRASANTA TEGUS 22MMX300MT;;;;MT;TRIBUT
686;;FITA PRETO ONIX LISO REHAU 100MMX300MT;;;;MT;TRIBUT
687;;FITA PRETO ONIX LISO REHAU 22MMX300MT;;;;MT;TRIBUT
688;;FITA PRETO ONIX LISO REHAU 35MMX300MT;;;;MT;TRIBUT
689;;FITA PRETO ONIX LISO REHAU 64MMX300MT;;;;MT;TRIBUT
690;;FITA PRETO TX REHAU 100MMX50MT;;;;MT;TRIBUT
631;;FITA PRETO TX REHAU 35MMX20MT;;;;MT;TRIBUT
691;;FITA PRETO TX REHAU 64MMX20MT;;;;MT;TRIBUT
692;;FITA PRETO TX TEGUS 110MMX300MT;;;;MT;TRIBUT
693;;FITA PRETO TX TEGUS 22MMX300MT;;;;MT;TRIBUT
701;;FITA PRETO TX TEGUS 65MMX20MT;;;;MT;TRIBUT
694;;FITA QUARTZO BEGE REHAU 100MMX20MT;;;;MT;TRIBUT
695;;FITA QUARTZO BEGE REHAU 22MMX20MT;;;;MT;TRIBUT
696;;FITA QUARTZO BEGE REHAU 35MMX20MT;;;;MT;TRIBUT
697;;FITA QUARTZO BEGE REHAU 64MMX20MT;;;;MT;TRIBUT
698;;FITA QUARTZO TEGUS 110MMX50MT;;;;MT;TRIBUT
700;;FITA ROSA MATT PLUS REHAU 22MMX300MT;;;;MT;TRIBUT
119;;FITA ROSE GOLD REHAU 64MMX20MT;;;;MT;TRIBUT
390;;FITA SAFIRA FL TEGUS 110MMX20MT;;;;MT;TRIBUT
670;;FITA SAFIRA FL TEGUS 22MMX20MT;;;;MT;TRIBUT
389;;FITA SAFIRA FL TEGUS 65MMX20MT;;;;MT;TRIBUT
762;;FITA SAFIRA REHAU 22MMX20MT;;;;MT;TRIBUT
702;;FITA SAFIRA REHAU 64MMX200MT;;;;MT;TRIBUT
557;;FITA SAKURA REHAU 100MMX50MT;;;;MT;TRIBUT
592;;FITA SAKURA REHAU 22MMX20MT;;;;MT;TRIBUT
744;;FITA SAKURA REHAU 64MMX20MT;;;;MT;TRIBUT
678;;FITA SERENO 100MMX50MT;;;;MT;TRIBUT
679;;FITA SERENO REHAU 22MMX20MT;;;;MT;TRIBUT
1080;;FITA SERENO REHAU 35MMX20MT;;;;MT;TRIBUT
705;;FITA SERENO REHAU 64MMX20MT;;;;MT;TRIBUT
1119;;FITA SERENO TEGUS 110MMX20MT;;;;MT;TRIBUT
1117;;FITA SERENO TEGUS 22MMX20MT;;;;MT;TRIBUT
1118;;FITA SERENO TEGUS 65MMX20MT;;;;MT;TRIBUT
706;;FITA SOLAR REHAU 64MMX20MT;;;;MT;TRIBUT
707;;FITA TAPA FUROS BRANCO TX REHAU 12MM C 40 UND;;;;UN;TRIBUT
708;;FITA TESSELATI TEGUS 110MMX300MT;;;;MT;TRIBUT
709;;FITA TESSELATI TEGUS 22MMX300MT;;;;MT;TRIBUT
20;;FITA VEDA ROSCA 18MMX50M;;;;UN;TRIBUT
710;;FITA VERDE MAR REHAU 100MMX50MT;;;;MT;TRIBUT
711;;FITA VERDE MAR REHAU 22MMX20MT;;;;MT;TRIBUT
712;;FITA VERDE MAR REHAU 35MMX20MT;;;;MT;TRIBUT
713;;FITA VERDE MAR REHAU 64MMX20MT;;;;MT;TRIBUT
714;;FITA VERDE MAR TEGUS 110MMX50MT;;;;MT;TRIBUT
1094;;FITA VERSATO  REHAU 100MMX20MT;;;;MT;TRIBUT
1078;;FITA VERSATO  REHAU 22MMX20MT;;;;MT;TRIBUT
1098;;FITA VERSATO  REHAU 35MMX20MT;;;;MT;TRIBUT
1093;;FITA VERSATO  REHAU 64MMX20MT;;;;MT;TRIBUT
636;;FITA VIENA FL TEGUS 110MMX20MT;;;;MT;TRIBUT
498;;FITA VIENA FL TEGUS 22MMX20MT;;;;MT;TRIBUT
659;;FITA VIENA FL TEGUS 65MMX20MT;;;;MT;TRIBUT
1164;;FITA VIENA REHAU P145 100MMX50MT;;;;MT;TRIBUT
406;;FITA VIENA SUPERMATE REHAU 100MMX50MT  -74878;;;;MT;TRIBUT
735;;FITA VIENA SUPERMATE REHAU 22MMX20MT;;;;MT;TRIBUT
715;;FITA VIENA SUPERMATE REHAU 64MMX20MT;;;;MT;TRIBUT
384;;FITILHO BRASFORT VERDE 650GR;;;;UN;TRIBUT
210;;FIXADOR DE PERFIL 35MM C 4 UND;;;;UN;TRIBUT
761;;FONTE CHAVEADA 10A 12V 120W MGC;;;;UN;TRIBUT
768;;FONTE CHAVEADA SLIM 15A 12V 180W BIVOLT DX ILUMINACAO;;;;UN;TRIBUT
752;;FONTE CHAVEADA SLIM 15A 12V 180W CAPA PRETA;;;;UN;TRIBUT
754;;FONTE CONVERSOR 10A 12V SLIM LEDLINE;;;;UN;TRIBUT
748;;FONTE CONVERSOR 5A 12V CHAVEADA SLIM LEDLINE;;;;UN;TRIBUT
749;;FONTE CONVERSOR 5A 12V SLIM LEDLINE;;;;UN;TRIBUT
104;;FONTE CONVERSOR 8,5A 12V  SLIM LEDLINE;;;;UN;TRIBUT
763;;FONTE SLIM 2,5A ENTRDA 85 265V SAIDA 12V BRILUZ;;;;UN;TRIBUT
385;;FORMAO 1/2 CHANFRADO PACETTA;;;;UN;TRIBUT
718;;FORMICA AMARELO GIRASSOL TXT 1,25X2,80M PET P REVESTIMENTO LAMIECCO;;;;UN;TRIBUT
719;;FORMICA AZUL COBALTO TXT 1,25X2,80M PET P REVESTIMENTO LAMIECCO;;;;UN;TRIBUT
720;;FORMICA AZUL MINERAL TXT 1,25X2,80M PET P REVESTIMENTO LAMIECCO;;;;UN;TRIBUT
109;;FORMICA BRANCO BRILHO 1,25MX2,80M X 0,35MM LAMIECCO;;;;UN;TRIBUT
721;;FORMICA BRANCO TXT 1,25X2,80M PET P REVESTIMENTO LAMIECCO;;;;UN;TRIBUT
722;;FORMICA CINZA MEDIO TXT 1,25X2,80M PET P REVESTIMENTO LAMIECCO;;;;UN;TRIBUT
723;;FORMICA GIANDUIA TXT 1,25X2,80M PET P REVESTIMENTO LAMIECCO;;;;UN;TRIBUT
727;;FORMICA OSSO BRANCO LACCA IBRAP 2,80x1,25;;;;UN;TRIBUT
724;;FORMICA OVO TXT 1,25X2,80M PET P REVESTIMENTO LAMIECCO;;;;UN;TRIBUT
725;;FORMICA PRETO TXT 1,25X2,80M PET P REVESTIMENTO LAMIECCO;;;;UN;TRIBUT
728;;FORMICA PVC AMARELO BRILHANTE IBRAP;;;;UN;TRIBUT
729;;FORMICA PVC AMARELO CROMO BRILHANTE IBRAP;;;;UN;TRIBUT
730;;FORMICA PVC AREIA MARFIM TX IBRAP;;;;UN;TRIBUT
731;;FORMICA PVC AZUL IRIS TX IBRAP;;;;UN;TRIBUT
732;;FORMICA PVC AZUL NEON TX IBRAP;;;;UN;TRIBUT
733;;FORMICA PVC AZUL REAL TX  IBRAP;;;;UN;TRIBUT
734;;FORMICA PVC BERINJELA BRILHANTE  IBRAP;;;;UN;TRIBUT
737;;FORMICA PVC CINZA CLARO TX  IBRAP;;;;UN;TRIBUT
738;;FORMICA PVC CINZA METAL TX  IBRAP;;;;UN;TRIBUT
739;;FORMICA PVC CINZA SERENO BRILHANTE  IBRAP;;;;UN;TRIBUT
98;;FORMICA PVC LARANJA IBRAP TX 1,25X2,80;;;;UN;TRIBUT
740;;FORMICA PVC MARRON BRILHANTE  IBRAP;;;;UN;TRIBUT
741;;FORMICA PVC MARRON TX  IBRAP;;;;UN;TRIBUT
742;;FORMICA PVC PRETO TX  IBRAP;;;;UN;TRIBUT
743;;FORMICA PVC ROSA CLARO TX  IBRAP;;;;UN;TRIBUT
745;;FORMICA PVC VERDE AGUA BRILHANTE  IBRAP;;;;UN;TRIBUT
746;;FORMICA PVC VERDE BANDEIRA TX  IBRAP;;;;UN;TRIBUT
726;;FORMICA VERMELHO CARDEAL TXT 1,25X2,80M PET P REVESTIMENTO LAMIECCO;;;;UN;TRIBUT
386;;FRESA PARALELA DUPLA 6MM P TUPIA;;;;UN;TRIBUT
806;;FRUTEIRA CENTRO S/VIDRO 450 X 640;;;;UN;TRIBUT
388;;FURADEIRA 1 4 MAKITA;;;;UN;TRIBUT
277;;FURADEIRA DE IMPACTO GSB 16 RE BOSCH;;;;UN;TRIBUT
391;;GABARITO DE MARCACAO THIN;;;;UN;TRIBUT
212;;GAVETA FRUTEIRA DESLIZANTE MODULO 40CM CROMADA;;;;UN;TRIBUT
213;;GAVETA FRUTERIA DESLIZANTE BAIXA SLIM L370XA100XP380;;;;UN;TRIBUT
214;;GAVETA FRUTERIA DESLIZANTE BAIXA SLIM L470XA100XP380 2866;;;;UN;TRIBUT
392;;GRAMPO DE ACAO RAPIDA;;;;UN;TRIBUT
102;;INTERRUPTOR TIC TAC BRANCO COM CABO ICG1;;;;UN;TRIBUT
101;;INTERRUPTOR TIC TAC PRETO COM CABO ICG3;;;;UN;TRIBUT
215;;KIT AL 83;;;;UN;TRIBUT
216;;KIT AMORTECEDOR SOFT CLOSET AL 83 E AL 84;;;;UN;TRIBUT
393;;KIT BROCA ESCARIADORA REBAIXO DE PARAFUSO PILOTO 8;;;;UN;TRIBUT
110;;KIT CINTA CATRACA 25MM 4,6M 1.500KG - WORKER;;;;KT;TRIBUT
217;;KIT DOBRADICA PORTA VIDRO PIVOTANTE 5 A 10MM;;;;UN;TRIBUT
218;;KIT DOBRADICA PORTA VIDRO PIVOTANTE E FECHO VITRINE;;;;UN;TRIBUT
219;;KIT JM443 + GUIA UNIVERSAL FOLGA ZERO;;;;UN;TRIBUT
220;;KIT JP700 U10 RODA CONCAVA FIX.TOPO;;;;UN;TRIBUT
221;;KIT JP700 V10 RODA CONVEXA FIX.TOPO;;;;UN;TRIBUT
222;;KIT PORTA DE CORRER AL 86 BASIC;;;;UN;TRIBUT
394;;LAMINA DE ESTILETE;;;;UN;TRIBUT
397;;LAMINA P SERRA TICO TICO BU 38 8DTS 75X7,5 STARRET;;;;UN;TRIBUT
395;;LAMINA P SERRA TICO TICO STARRET 100MM BU41014;;;;UN;TRIBUT
396;;LAMINA P SERRA TICO TICO STARRET BU 214;;;;UN;TRIBUT
1066;;LÁPIS DE MARCENEIRO;;;;UN;TRIBUT
764;;LED MINI SPOT ELEGANCE QUA BF AM2700K 1,5W BIV BRILUZ;;;;UN;TRIBUT
398;;LIMA ENXADA 8 C CABO;;;;UN;TRIBUT
399;;LIMA K&F 200MM;;;;UN;TRIBUT
225;;LIXA CINTA LONA 100X610 GRAO 40 WORKER;;;;UN;TRIBUT
400;;LIXA NORTON 1200 C VELCRO;;;;UN;TRIBUT
402;;LIXA NORTON 320 C VELCRO;;;;UN;TRIBUT
404;;LIXA NORTON 600 C VELCRO;;;;UN;TRIBUT
405;;LIXA NORTON 800 C VELCRO;;;;UN;TRIBUT
226;;LIXA P FERRO N 80;;;;UN;TRIBUT
227;;LIXA P MADEIRA N 150;;;;UN;TRIBUT
1;;LIXEIRA DESLIZANTE SLIM SIMPLES CESTO 12L L240XA410XP300MM;;;;UN;TRIBUT
115;;LIXEIRA DESLIZANTE SLIM SIMPLES CESTO 19L L250XA490XP340MM;;;;UN;TRIBUT
132;;LUVA MALHA BANHO LATEX MUCAMBO;;;;UN;TRIBUT
407;;MANGUEIRA PNEUMATICA 5 16 300 PSI C 50MT;;;;UN;TRIBUT
231;;MAO FRANCESA 20X13 BRANCA DVL 020;;;;UN;TRIBUT
187;;MAO FRANCESA 30X18 BRANCA CRIATIVA;;;;UN;TRIBUT
228;;MAO FRANCESA DOBRAVEL 340MM BRANCA C GATILHO 2UND;;;;UN;TRIBUT
229;;MAO FRANCESA DOBRAVEL 400MM BRANCA C GATILHO 2UND;;;;UN;TRIBUT
230;;MAO FRANCESA DOBRAVEL BRANCA 16,5X28CM;;;;UN;TRIBUT
232;;MAO FRANCESA RENNA 25X16;;;;UN;TRIBUT
233;;MAO FRANCESA RENNA 30X19;;;;UN;TRIBUT
234;;MAO FRANCESSA DOBRAVEL 16,5X18CM BRANCA;;;;UN;TRIBUT
408;;MARTELO 23CM THOMPSON;;;;UN;TRIBUT
133;;MASCARA FILTRO DESCARTAVEL W25001;;;;UN;TRIBUT
22;;MASSA METALATEX CORRIDA PVA 1,5KG SHERWIN;;;;UN;TRIBUT
235;;MAX115 32 RODIZIO CHAPA 15KG 32MM SEM TRAVA  PRETO;;;;UN;TRIBUT
88;;MDF ADEGA 15MM 2F FLORAPLAC;;;;UN;TRIBUT
776;;MDF AMARELO GEMA BRILHANTE 15MM EUCATEX;;;;UN;TRIBUT
813;;MDF ANOITECER 15MM FLORAPLAC;;;;UN;TRIBUT
777;;MDF AREIA NORONHA 1F 6MM;;;;UN;TRIBUT
778;;MDF AREIA NORONHA MATT SOFT 15MM EUCATEX;;;;UN;TRIBUT
779;;MDF ARENAS GRAFIS 15MM;;;;UN;TRIBUT
780;;MDF ARGENTO LACCA 15MM;;;;UN;TRIBUT
781;;MDF ARGOS SUPERMATE FLOARAPLAC 15MM;;;;UN;TRIBUT
782;;MDF ASFALTO FLORAPLAC 15MM;;;;UN;TRIBUT
1086;;MDF ASPEN LF FIBRAPLAC 15MM;;;;UN;TRIBUT
783;;MDF BARCELONA NATURA FLORAPLAC 15MM;;;;UN;TRIBUT
1088;;MDF BARILOCHE TX FIBRAPLAC 15MM;;;;UN;TRIBUT
785;;MDF BLUE SKY 15MM MATT SOFT 15MM EUCATEX;;;;UN;TRIBUT
787;;MDF BOTTICINO 15MM;;;;UN;TRIBUT
788;;MDF BRANCO 2F 15MM EUCATEX;;;;UN;TRIBUT
789;;MDF BRANCO 3MM 1 FACE;;;;UN;TRIBUT
792;;MDF BRANCO MAX MATT PLUS 15MM;;;;UN;TRIBUT
795;;MDF BRANCO NEVE LACCA 15MM EUCATEX;;;;UN;TRIBUT
843;;MDF BRANCO PLUS TX 15MM FIBRAPLAC;;;;UN;TRIBUT
870;;MDF BRANCO PLUS TX VERDE 2F 15MM FIBRAPLAC;;;;UN;TRIBUT
842;;MDF BRANCO TX 2F FLORAPLAC 15MM;;;;UN;TRIBUT
790;;MDF BRANCO TX FLORAPLAC 18MM;;;;UN;TRIBUT
791;;MDF BRANCO TX FLORAPLAC 6MM;;;;UN;TRIBUT
793;;MDF BRANCO TX VERDE 2F FLORAPLAC 15MM;;;;UN;TRIBUT
794;;MDF BRANCO TX VERDE FLORAPLAC 6MM;;;;UN;TRIBUT
844;;MDF CABIUNA NOBRE 15MM FIBRAPLAC;;;;UN;TRIBUT
845;;MDF CABIUNA NOBRE 6MM FIBRAPLAC;;;;UN;TRIBUT
796;;MDF CACAU NATURAL MATT SOFT 15MM EUCATEX;;;;UN;TRIBUT
797;;MDF CANALETADO (SLED)18MM 2.75X1.83 BRANCO C 15CM DE VAO 11 CANALETAS;;;;UN;TRIBUT
809;;MDF CARBON MESH FLORAPLAC 15MM;;;;UN;TRIBUT
812;;MDF CARBON MESH FLORAPLAC 18MM;;;;UN;TRIBUT
814;;MDF CARVALHO EUROPEU NATURA FLORAPLAC 15MM;;;;UN;TRIBUT
94;;MDF CARVALHO GUARANA 15MM 2F FLORAPLAC;;;;UN;TRIBUT
816;;MDF CHANDELIER FLORAPLAC 15MM;;;;UN;TRIBUT
803;;MDF CINZA CRISTAL FLORAPLAC 15MM;;;;UN;TRIBUT
818;;MDF CINZA ITALIA LACCA 15MM EUCATEX;;;;UN;TRIBUT
846;;MDF CINZA SUPREMO LACCA 15MM EUCATEX;;;;UN;TRIBUT
819;;MDF CINZA SUPREMO MATT SOFT 15MM EUCATEX;;;;UN;TRIBUT
86;;MDF CINZA URBANO LACCA 15MM EUCATEX;;;;UN;TRIBUT
820;;MDF CINZA URBANO MATT SOFT 15MM EUCATEX;;;;UN;TRIBUT
89;;MDF CITY 15MM 2F FLORAPLAC;;;;UN;TRIBUT
821;;MDF COBRE METALIC LACCA 15MM;;;;UN;TRIBUT
817;;MDF CREPUSCULO 15MM FLORAPLAC;;;;UN;TRIBUT
824;;MDF CRISTAL AQUA MATT SOFT 15MM EUCATEX;;;;UN;TRIBUT
1100;;MDF CRU 15MM EUCATEX;;;;UN;TRIBUT
848;;MDF CRU 15MM FLORAPLAC;;;;UN;TRIBUT
849;;MDF CRU 3MM;;;;UN;TRIBUT
850;;MDF CRU FLORAPLAC 9MM;;;;UN;TRIBUT
825;;MDF DELICATO ASH 15MM;;;;UN;TRIBUT
826;;MDF DUNAS MATT SOFT 15MM EUCATEX;;;;UN;TRIBUT
786;;MDF DURBAN 15MM FLORAPLAC;;;;UN;TRIBUT
827;;MDF ELMO MACHIATO 15MM;;;;UN;TRIBUT
828;;MDF FENDI MESH FLORAPLAC 15MM;;;;UN;TRIBUT
829;;MDF FENDI SUPERMATE FLORAPLAC 15MM;;;;UN;TRIBUT
830;;MDF FLORESTA FLORAPLAC 15MM;;;;UN;TRIBUT
831;;MDF FREIJO AMBAR 15MM EUCATEX;;;;UN;TRIBUT
832;;MDF FREIJO BRASIL MATT SOFT 15MM;;;;UN;TRIBUT
833;;MDF FREIJO NATURAL SUPERMATE FLORAPLAC 15MM;;;;UN;TRIBUT
867;;MDF FREIJO TUCUMA 15MM FLORAPLAC;;;;UN;TRIBUT
834;;MDF FUME CLASSICO GRAFIS 15MM;;;;UN;TRIBUT
835;;MDF FUME LACCA 15MM EUCATEX;;;;UN;TRIBUT
836;;MDF IMBUIA TERRA 15MM;;;;UN;TRIBUT
837;;MDF ITALIAN NOCE MATT PLUS 15MM;;;;UN;TRIBUT
838;;MDF LAMINA DOURADA 15MM EUCATEX;;;;UN;TRIBUT
839;;MDF LAMINA NATURALE 15MM EUCATEX;;;;UN;TRIBUT
840;;MDF LENHO 15MM FLORAPLAC;;;;UN;TRIBUT
841;;MDF LOURO FREIJO PORO SUPERMATT 15MM;;;;UN;TRIBUT
815;;MDF MADERO CINZA PORO 15MM EUCATEX;;;;UN;TRIBUT
93;;MDF MANGA ROSA 15MM 2F FLORAPLAC;;;;UN;TRIBUT
851;;MDF METALLON FLORAPLAC 15MM;;;;UN;TRIBUT
1165;;MDF MOCCA SM 15MM FIBRAPLAC;;;;UN;TRIBUT
852;;MDF NATURAL OAK RAIZES 15MM EUCATEX;;;;UN;TRIBUT
853;;MDF NEVADA PORO SUPERMATT 15MM EUCATEX;;;;UN;TRIBUT
854;;MDF NOCE ORO 15MM EUCATEX;;;;UN;TRIBUT
855;;MDF NOGAL AMENDOADO NATURA FLORAPLAC 15MM;;;;UN;TRIBUT
856;;MDF NOGUEIRA IMPERIAL NATURA  FLORAPLAC 15MM;;;;UN;TRIBUT
857;;MDF OXID LACCA METALICO 15MM;;;;UN;TRIBUT
858;;MDF PAINEL RIPADO CANIS MODELO WIDE MARRON;;;;UN;TRIBUT
859;;MDF PAINEL RIPADO LIRA MODELO WIDE CINZA 2850MMX105MM;;;;UN;TRIBUT
860;;MDF PAINEL RIPADO ORUS MODELO WIDE AMARELO;;;;UN;TRIBUT
1087;;MDF PANNA SM FIBRAPLAC 15MM;;;;UN;TRIBUT
861;;MDF PAU FERRO JUCA SUPERMATE FLORAPLAC 15MM;;;;UN;TRIBUT
862;;MDF PEROBA ROSA RAIZES 15MM;;;;UN;TRIBUT
863;;MDF PETALA ROSA MATT SOFT 15MM EUCATEX;;;;UN;TRIBUT
864;;MDF PIETRASANTA FLORAPLAC 15MM;;;;UN;TRIBUT
865;;MDF PRETO LACCA 15MM EUCATEX;;;;UN;TRIBUT
847;;MDF PRETO TX 15MM FIBRAPLAC;;;;UN;TRIBUT
87;;MDF PROA 15MM 2F FLORAPLAC;;;;UN;TRIBUT
868;;MDF QUARTZO BEGE MATT SOFT 15MM EUCATEX;;;;UN;TRIBUT
869;;MDF ROSE GOLD FLORAPLAC 15MM;;;;UN;TRIBUT
871;;MDF SAFIRA FLORAPLAC 15MM;;;;UN;TRIBUT
866;;MDF SAKURA SM FIBRAPLAC 15MM;;;;UN;TRIBUT
872;;MDF SERENO FLORAPLAC 15MM;;;;UN;TRIBUT
873;;MDF SOLAR FLORAPLAC 15MM;;;;UN;TRIBUT
874;;MDF TESSELATI MESH FLORAPLAC 15MM;;;;UN;TRIBUT
875;;MDF VERDE MAR MATT SOFT 15MM;;;;UN;TRIBUT
1089;;MDF VERSATO SM FIBRAPLAC 15MM;;;;UN;TRIBUT
876;;MDF VIENA SUPERMALTE FLORAPLAC 15MM;;;;UN;TRIBUT
1190;;MINI PISTAO A GAS  P BAIXO 60N CINZA METALNOX;;;;UN;TRIBUT
967;;NUVOLA 160MM NIQ/ESC;;;;UN;TRIBUT
968;;NUVOLA 224MM NIQ/ESC;;;;UN;TRIBUT
969;;NUVOLA 352MM NIQ/ESC;;;;UN;TRIBUT
134;;OCULOS DE PROTECAO KOALA INCOLOR;;;;UN;TRIBUT
970;;ONDA 160MM NIQ/ESC;;;;UN;TRIBUT
971;;ONDA 224MM  NIQ/ESC;;;;UN;TRIBUT
972;;ONDA 288MM  NIQ/ESC;;;;UN;TRIBUT
973;;ONDA 352MM  NIQ/ESC;;;;UN;TRIBUT
239;;ORGANIZADOR 35 MEDIDA 430X460X60;;;;UN;TRIBUT
236;;ORGANIZADOR DE CEDULAS OC 007 BRANCO FEGRAFI;;;;UN;TRIBUT
1104;;PAPEL CHAMEX A4210X297 AMARELO PCT/500UN;;;;PT;TRIBUT
891;;PARAFUSO  PHILLIPS JOMARCA 6.0X50 C/200UND;;;;CX;TRIBUT
897;;PARAFUSO 6.0X70 CHIPBOARD CABECA CHATA PH2  C/100UND METALNOX;;;;UN;TRIBUT
896;;PARAFUSO BICROMATIZADO JOMARCA M4X40 C/200UND;;;;UN;TRIBUT
892;;PARAFUSO CISER PHILLIPS 4.5X25 C/500UND;;;;UN;TRIBUT
893;;PARAFUSO CISER PHILLIPS 6.0X50 MM C/200UND;;;;UN;TRIBUT
894;;PARAFUSO FENDA CISER 6.1X65 C/100UND;;;;UN;TRIBUT
895;;PARAFUSO FENDA CISER C/PORCA 5/16X120 PARAFUSO PARA CAMA;;;;UN;TRIBUT
898;;PARAFUSO PHILIPS WURTH 4.0X30 C/500UND;;;;UN;TRIBUT
904;;PARAFUSO PHILLIPS  WURTH 4.0X20 C/1000UND;;;;UN;TRIBUT
905;;PARAFUSO PHILLIPS  WURTH 4.0X50 C/300UND;;;;UN;TRIBUT
882;;PARAFUSO PHILLIPS 3.5X14  RENNA C/1000UND;;;;CX;TRIBUT
907;;PARAFUSO PHILLIPS 4X14  NEVES C/1000UND;;;;CX;TRIBUT
1103;;PARAFUSO PHILLIPS 4X14  NEVES C/1000UND;;;;CX;TRIBUT
883;;PARAFUSO PHILLIPS 4X14  RENNA C/1000UND;;;;CX;TRIBUT
884;;PARAFUSO PHILLIPS 4X16 RENNA C/1000UND;;;;CX;TRIBUT
75;;PARAFUSO PHILLIPS 4X20  NEVES C/1000UND;;;;CX;TRIBUT
885;;PARAFUSO PHILLIPS 4X25  RENNA C/1000UND;;;;CX;TRIBUT
886;;PARAFUSO PHILLIPS 4X30  RENNA C/500UND;;;;CX;TRIBUT
887;;PARAFUSO PHILLIPS 4X40 RENNA C/500UND;;;;CX;TRIBUT
888;;PARAFUSO PHILLIPS 4X45 RENNA C/300UND;;;;CX;TRIBUT
80;;PARAFUSO PHILLIPS 4X50  NEVES C/500UND;;;;CX;TRIBUT
889;;PARAFUSO PHILLIPS 4X50  RENNA C/300UND;;;;CX;TRIBUT
900;;PARAFUSO PHILLIPS 6X60  NEVES C/100UND;;;;CX;TRIBUT
890;;PARAFUSO PHILLIPS 6X80  NEVES C/100UND;;;;CX;TRIBUT
901;;PARAFUSO PHILLIPS CISER 6.0X100 C/100UND;;;;UN;TRIBUT
902;;PARAFUSO PHILLIPS WURTH 3.5X25 C/1000UND;;;;UN;TRIBUT
903;;PARAFUSO PHILLIPS WURTH 4.0X16 C/1000UND;;;;UN;TRIBUT
899;;PARAFUSO PHILLIPS WURTH 4.0X40 C/500UND;;;;UN;TRIBUT
906;;PARAFUSO PHILLIPS WURTH 4.5X45 C/300UND;;;;UN;TRIBUT
908;;PARAFUSO PHILLIPS WURTH 6.0X70 C/100;;;;UN;TRIBUT
909;;PARAFUSO PHILLIPS WURTH 6.0X90 C/100UND;;;;UN;TRIBUT
910;;PARAFUSO TAMPINHA 13MM JOMARCA 6.0X75MM C/100UND;;;;CX;TRIBUT
911;;PARAFUSO ZINCADO FENDA COMBINADA JOMARCA 6.1X100MM;;;;CX;TRIBUT
912;;PARAFUSO ZINCADO FENDA COMBINADA JOMARCA 6.1X75MM;;;;CX;TRIBUT
240;;PASSADOR DE FIO BRANCO 60MM;;;;UN;TRIBUT
241;;PASSADOR DE FIO PRETO 60MM;;;;UN;TRIBUT
242;;PE ACO REDONDO PREMIUM 8CM;;;;UN;TRIBUT
245;;PE CONICO CROMADO SOLDADO 100MM METALNOX;;;;UN;TRIBUT
244;;PE P/MESA ACO TN 710MM FGVTN;;;;UN;TRIBUT
247;;PE QUADRADO CROMADO REPUXADO 100MM METALNOX;;;;UN;TRIBUT
250;;PE QUADRADO DE ALUMINIO COM FLANGE ALT.5,5CM POLIDO;;;;UN;TRIBUT
251;;PE QUADRADO DE ALUMINIO COM FLANGE E NIVELADOR 100MM;;;;UN;TRIBUT
248;;PE REDONDO CROMADO REPUXADO 100MM METALNOX;;;;UN;TRIBUT
249;;PE REDONDO CROMADO REPUXADO 150MM METALNOX;;;;UN;TRIBUT
243;;PE REDONDO PREMIUM 50MM  MAX136;;;;UN;TRIBUT
252;;PE TAVOLA 100MM CROMADO;;;;UN;TRIBUT
784;;PEDAÇO DE MDF;;;;UN;TRIBUT
1095;;PEDAÇO DE MDF;;;;UN;TRIBUT
914;;PERFIL 1036 P PORTA DE VIDRO ANODIZADO FOSCO 6,0MT;;;;UN;TRIBUT
915;;PERFIL 1036 P PORTA DE VIDRO INOX ESCOVADO 6,0 MT;;;;UN;TRIBUT
916;;PERFIL 9580 ESPELHO JAT ANOD 6MT;;;;UN;TRIBUT
917;;PERFIL COLLEGATO 15MM 3MT INOX;;;;UN;TRIBUT
975;;PERFIL DE ALUMINIO QUADRADO PIAZZA 1 2 BARRA 1MT;;;;UN;TRIBUT
918;;PERFIL ESTRUTURAL 1036 DOURADO 6MT;;;;UN;TRIBUT
933;;PERFIL ESTRUTURAL THIN 1801  DOURADO 6,0MT;;;;UN;TRIBUT
1156;;PERFIL ESTRUTURAL THIN 1803  DOURADO 6,0MT;;;;UN;TRIBUT
224;;PERFIL ESTRUTURAL THIN 1803 INOX ESCOVADO 6MT;;;;UN;TRIBUT
919;;PERFIL P PORTA DE VIDRO C 6MT RFC 7.7004 ANODIZADO;;;;UN;TRIBUT
920;;PERFIL PARA PORTA DE CORRER 6MT RFC 4.4010 ANODIZADO;;;;UN;TRIBUT
921;;PERFIL PARA PORTA DE CORRER 6MT RFC 4.4010 INOX;;;;UN;TRIBUT
922;;PERFIL PORTA DESLIZANTE RFC 7034 INOX 6M;;;;UN;TRIBUT
923;;PERFIL PUXADOR 2009 INOX ESCOVADO 6MT;;;;UN;TRIBUT
924;;PERFIL PUXADOR 2009 JATEADO ANODIZADO 6MT;;;;UN;TRIBUT
925;;PERFIL PUXADOR 3178 INOX ESCOVADO 6,0MT;;;;UN;TRIBUT
926;;PERFIL PUXADOR 4025 INOX 6MT;;;;UN;TRIBUT
927;;PERFIL PUXADOR 8015 DOURADO 6MT;;;;UN;TRIBUT
928;;PERFIL PUXADOR 8015 INOX ESCOVADO 6,0MT;;;;UN;TRIBUT
948;;PERFIL PUXADOR LINZ 1415 15MM INOX ESCOVADO 6MT;;;;UN;TRIBUT
929;;PERFIL PUXADOR P PORTA DE VIDRO 3178 ANODIZADO 6MT;;;;UN;TRIBUT
931;;PERFIL PUXADOR STRETTO 1411 INOX EXCOVADO 3MT;;;;UN;TRIBUT
106;;PERFIL ROMETAL CHAMPAGNE CLARO AND SUPRA 6MT RM-183;;;;UN;TRIBUT
114;;PERFIL ROMETAL NATURAL 6MT AND SUPRAL RM-183;;;;UN;TRIBUT
932;;PERFIL STRETTO JAT ANODIZADO 3MT;;;;UN;TRIBUT
409;;PERMANENT MARKER XIN9MAI 7703;;;;UN;TRIBUT
410;;PERMANENT WHITE MARKER PM 9915;;;;UN;TRIBUT
411;;PINCEL DE 50MM;;;;UN;TRIBUT
253;;PINO PIVOTANTE MAXIMA/CRIATIVA 120KG;;;;UN;TRIBUT
107;;PINO SUPORTE DE ACO COM PARAFUSO PHILLIPS RENNA;;;;CT;TRIBUT
311;;PINO SUPORTE DUPLO 5MM RENNA;;;;CT;TRIBUT
254;;PISTAO A GAS 100N P/ CIMA METALNOX;;;;UN;TRIBUT
267;;PISTAO A GAS 100N P/BAIXO BRANCO METALNOX;;;;UN;TRIBUT
255;;PISTAO A GAS 120N P/ CIMA;;;;UN;TRIBUT
268;;PISTAO A GAS ABERTURA P BAIXO 120N CINZA METALNOX;;;;UN;TRIBUT
256;;PISTAO A GAS ABERTURA P BAIXO 60N CINZA METALNOX;;;;UN;TRIBUT
257;;PISTAO A GAS ABERTURA P BAIXO 80N BRANCO METALNOX;;;;UN;TRIBUT
258;;PISTAO A GAS ABERTURA P BAIXO 80N CINZA METALNOX;;;;UN;TRIBUT
259;;PISTAO A GAS ABERTURA P CIMA 120N CINZA METALNOX;;;;UN;TRIBUT
260;;PISTAO A GAS ABERTURA P CIMA 60N BRANCO METALNOX;;;;UN;TRIBUT
261;;PISTAO A GAS ABERTURA P CIMA 60N BRANCO RENNA;;;;UN;TRIBUT
262;;PISTAO A GAS ABERTURA P CIMA 80N BRANCO METALNOX;;;;UN;TRIBUT
263;;PISTAO A GAS ABERTURA P CIMA 80N BRANCO RENNA;;;;UN;TRIBUT
264;;PISTAO A GAS COM AMORTECEDOR 100N BRANCO METALNOX;;;;UN;TRIBUT
265;;PISTAO A GAS COM AMORTECEDOR 60N BRANCO METALNOX;;;;UN;TRIBUT
266;;PISTAO A GAS COM AMORTECEDOR 80N BRANCO METALNOX;;;;UN;TRIBUT
1192;;PISTOLA APLICADORA SILICONE 9'' PRO - WORKER 143472;;;;UN;TRIBUT
412;;PISTOLA DE LIMPEZA 1 4 GARDEN;;;;UN;TRIBUT
269;;PLUG FEMEA 3P 10A TRAMONTINA;;;;UN;TRIBUT
270;;PLUG FEMEA 3P 20A PERLEX;;;;UN;TRIBUT
271;;PLUGUE FEMEA 3P 20A BR TRAMONTINA;;;;UN;TRIBUT
272;;PLUGUE MACHO;;;;UN;TRIBUT
934;;PONTEIRA 13 LINZ 15MM INOX ESCOVADO(PAR);;;;UN;TRIBUT
935;;PONTEIRA 19 PERFIL STRETTO ANODIZADA(PAR);;;;UN;TRIBUT
936;;PONTEIRA 27 LAT DIR ESQ 15MM VAZADA INOX ESCOVADO (PAR) PERFIL4025;;;;UN;TRIBUT
937;;PONTEIRA 4077 ABERTA/VAZADA PAR INOX;;;;UN;TRIBUT
938;;PONTEIRA 50 DE ACABAMENTO PERFIL THIN 01 DOURADO;;;;UN;TRIBUT
414;;PONTEIRA DE BITS MAGNETICO PHILIPS PH2 PONTA SIMPLES;;;;UN;TRIBUT
939;;PONTEIRA P PUXADOR 4077 DIR ESQ VAZADA CROMADA;;;;UN;TRIBUT
940;;PONTEIRA P PUXADOR 4085 15MM DIR ESQ INOX;;;;UN;TRIBUT
941;;PONTEIRA P PUXADOR 4085 18MM DIR ESQ INOX;;;;UN;TRIBUT
942;;PONTEIRA P PUXADOR 4128 15MM DIR ESQ FOSCO;;;;UN;TRIBUT
943;;PONTEIRA P PUXADOR 4128 15MM DIR ESQ INOX;;;;UN;TRIBUT
415;;PONTEIRA PHILIPS TORQUE ALTO 110MM;;;;UN;TRIBUT
416;;PONTEIRA PHILIPS TORQUE ALTO 65MM DUPLA PH2 WURTH;;;;UN;TRIBUT
413;;PONTEIRA RENNA MAGNETICA PHILIPS PH2  DUPLA;;;;UN;TRIBUT
118;;PONTEIRA ROMETAL CHAMPAGNE CLARO S7015  DIR/ESC 15MM (PAR);;;;UN;TRIBUT
117;;PONTEIRA ROMETAL CROMO BRILHO S7015 DIR/ESC 15MM (PAR);;;;UN;TRIBUT
944;;PONTEIRA STRETTO 19 INOX ESCOVADO(PAR);;;;UN;TRIBUT
223;;PONTEIRA THIN 84 DOURADO;;;;UN;TRIBUT
913;;PONTEIRA ZAMAC COLLEGATO 15 INOX ARCHI;;;;UN;TRIBUT
417;;PONTEIRAS PHILIPS WHURTH 25MMX1/4;;;;UN;TRIBUT
21;;PORTA CINTO L30 X A70 X P300MM CROMADO;;;;UN;TRIBUT
273;;PORTA CINTOS C 6 GANCHOS REVAL;;;;UN;TRIBUT
274;;PORTA CONDIMENTOS DUPLO CRO 331X422X146MM;;;;UN;TRIBUT
275;;PORTA GARRAFAS LATERAL SLIM C TRILHO PORTA TEMPEIRO 2059;;;;UN;TRIBUT
25;;PORTA OBJETOS L310 X A60 X P400 CROMADO;;;;UN;TRIBUT
279;;PORTA PANO/TOALHAS TRIPLO COM BLINDAGEM L95X145XP450MM;;;;UN;TRIBUT
155;;PORTA PANO/TOALHAS TRIPLO SEM BLINDAGEM L95XA45XP450MM;;;;UN;TRIBUT
276;;PORTA TACAS CURVO 400X30X120MM SCHMITT;;;;UN;TRIBUT
775;;PORTA TACAS CURVO AGATA L110 X A35 X P400 CROMADO;;;;UN;TRIBUT
320;;PORTA TACAS RETO AMY L100XA35XP400MM;;;;UN;TRIBUT
237;;PORTA TALHERES OG 002 BRANCO 396X467X63MM FEGRAFI;;;;UN;TRIBUT
238;;PORTA TALHERES OG 033 BRANCO 553X492X45MM FEGRAFI;;;;UN;TRIBUT
278;;PORTA TOALHA SLIM CROMADA 400MM MAXIMA;;;;UN;TRIBUT
135;;PROTETOR CARBOGRAFITE AURICULAR C CORDA;;;;UN;TRIBUT
280;;PROTETOR DE SILICONE P QUINA DE MOVEIS;;;;UN;TRIBUT
206;;PULSADOR FECHO MAGNETICO EMBUTIDO PUSH OPEN BRANCO;;;;UN;TRIBUT
208;;PULSADOR FECHO PUSH OPEN BRANCO SOBREPOR METALNOX;;;;UN;TRIBUT
1040;;PUXADOR  UNIFURO QDR ZM30  CROMADO MERCATO;;;;UN;TRIBUT
1041;;PUXADOR  UNIFURO QDR ZM30  DOURADO BRILHO  MERCATO;;;;UN;TRIBUT
1042;;PUXADOR  UNIFURO QDR ZM30  DOURADO FOSCO  MERCATO;;;;UN;TRIBUT
1043;;PUXADOR  UNIFURO QDR ZM30  PRETO FOSCO  MERCATO;;;;UN;TRIBUT
1044;;PUXADOR  UNIFURO QDR ZM30  ROSĘ  MERCATO;;;;UN;TRIBUT
1039;;PUXADOR  UNIFURO QDR ZM30 COBRE  MERCATO;;;;UN;TRIBUT
1047;;PUXADOR  UNIFURO ZM5000 MAX  DOURADO FOSCO;;;;UN;TRIBUT
1048;;PUXADOR  UNIFURO ZM5000 MAX  PRETO FOSCO;;;;UN;TRIBUT
1049;;PUXADOR  UNIFURO ZM5000 MAX  ROSĘ;;;;UN;TRIBUT
1017;;PUXADOR 1407/1007 128MM  CP-SN  MEIO;;;;UN;TRIBUT
1018;;PUXADOR 1407/1007 160MM  CP-SN  MEIO;;;;UN;TRIBUT
1019;;PUXADOR 1407/1007 192MM  CP-SN  MEIO;;;;UN;TRIBUT
1020;;PUXADOR 1407/1007 256MM  CP-SN  MEIO;;;;UN;TRIBUT
1021;;PUXADOR 1407/1007 320MM  CP-SN  MEIO;;;;UN;TRIBUT
1022;;PUXADOR 1407/1007 352MM  CP-SN  MEIO;;;;UN;TRIBUT
1023;;PUXADOR 1407/1007 96MM  CP-SN  MEIO;;;;UN;TRIBUT
976;;PUXADOR 3040 290MM;;;;UN;TRIBUT
977;;PUXADOR 3040 320MM;;;;UN;TRIBUT
1024;;PUXADOR 404 UNIFURO  SN-CP  MEIO;;;;UN;TRIBUT
945;;PUXADOR 4128 ANODIZADO FOSCO 6MT;;;;UN;TRIBUT
946;;PUXADOR 4128 INOX 6MT;;;;UN;TRIBUT
978;;PUXADOR AQUILES FOSCO 288MM;;;;UN;TRIBUT
979;;PUXADOR AQUILES FOSCO 480MM;;;;UN;TRIBUT
980;;PUXADOR AQUILES POLIDO 480MM;;;;UN;TRIBUT
981;;PUXADOR ARGOS ATRIA ESCOVADO FOSCO 128MM;;;;UN;TRIBUT
983;;PUXADOR ARGOS ATRIA ESCOVADO FOSCO 512MM;;;;UN;TRIBUT
984;;PUXADOR ARGOS ATRIA POLIDO 288MM;;;;UN;TRIBUT
986;;PUXADOR ARGOS ATRIA POLIDO 96MM;;;;UN;TRIBUT
987;;PUXADOR ATENAS FOSCO 128MM;;;;UN;TRIBUT
989;;PUXADOR ATENAS FOSCO 288MM;;;;UN;TRIBUT
990;;PUXADOR ATENAS POLIDO 128MM;;;;UN;TRIBUT
991;;PUXADOR ATENAS POLIDO 288MM;;;;UN;TRIBUT
992;;PUXADOR ATENAS POLIDO 385MM;;;;UN;TRIBUT
993;;PUXADOR ATENAS POLIDO 480MM;;;;UN;TRIBUT
994;;PUXADOR COLONIAL PZ 31 1085 OURO VELHO ZAMAC;;;;UN;TRIBUT
995;;PUXADOR COLONIAL PZ 36 1084 OURO VELHO ZAMAC;;;;UN;TRIBUT
998;;PUXADOR CR 3040 ALUMINIO 128MM;;;;UN;TRIBUT
999;;PUXADOR CR 3040 ALUMINIO 160MM;;;;UN;TRIBUT
1000;;PUXADOR CR3040 ALUMINIO CORPO CROMADO C DETALHES;;;;UN;TRIBUT
1001;;PUXADOR CR4000 ALUMINIO 224MM;;;;UN;TRIBUT
1002;;PUXADOR CR4000 ALUMINIO 352MM;;;;UN;TRIBUT
1003;;PUXADOR CUNHA POLIDO 128MM;;;;UN;TRIBUT
1004;;PUXADOR CUNHA POLIDO 288MM;;;;UN;TRIBUT
1031;;PUXADOR CZM04 128MM CONCHA NOBRE ANTIQUE;;;;UN;TRIBUT
1032;;PUXADOR CZM04 128MM CONCHA NOBRE COBRE;;;;UN;TRIBUT
1033;;PUXADOR CZM04 128MM CONCHA NOBRE CROMADO;;;;UN;TRIBUT
1034;;PUXADOR CZM04 128MM CONCHA NOBRE DOURADO;;;;UN;TRIBUT
1035;;PUXADOR CZM04 96MM CONCHA NOBRE ANTIQUE;;;;UN;TRIBUT
1036;;PUXADOR CZM04 96MM CONCHA NOBRE COBRE;;;;UN;TRIBUT
1037;;PUXADOR CZM04 96MM CONCHA NOBRE CROMADO;;;;UN;TRIBUT
1038;;PUXADOR CZM04 96MM CONCHA NOBRE DOURADO;;;;UN;TRIBUT
996;;PUXADOR CZM04 96MM CONCHA NOBRE PRETO FOSCO;;;;UN;TRIBUT
947;;PUXADOR DE ALUMINIO 6MT S TAMPA 28MM RFC 4.4072;;;;UN;TRIBUT
1005;;PUXADOR DIRITO POLIDO 128MM;;;;UN;TRIBUT
1008;;PUXADOR DIRITO POLIDO 448MM;;;;UN;TRIBUT
339;;PUXADOR DUOMO 28MM UNIFURO ZM5000 DOURADO BRILHO;;;;UN;TRIBUT
120;;PUXADOR DUOMO 28MM UNIFURO ZM5000 PRETO FOSCO;;;;UN;TRIBUT
121;;PUXADOR DUOMO 28MM ZM5000 BRANCO BRILHANTE;;;;UN;TRIBUT
334;;PUXADOR DUPLO MAX 010 FURO 300MM INOX;;;;UN;TRIBUT
988;;PUXADOR DUPLO MAX 010 FURO 400MM INOX;;;;UN;TRIBUT
1061;;PUXADOR GANGORRA M4X20 32MM ANTIQUE FOSCO;;;;MT;TRIBUT
362;;PUXADOR GANGORRA M4X20 32MM DOURADO FOSCO;;;;UN;TRIBUT
1062;;PUXADOR GANGORRA M4X20 32MM PRETO FOSCO;;;;UN;TRIBUT
1009;;PUXADOR HASTE ALUMINIO ESCOVADO FOSCO 256MM;;;;UN;TRIBUT
1010;;PUXADOR HASTE ALUMINIO ESCOVADO FOSCO 480MM;;;;UN;TRIBUT
1011;;PUXADOR HASTE ALUMINIO POLIDO 256MM;;;;UN;TRIBUT
1013;;PUXADOR IPANEMA MAT.ZAMAK CROMADO 35X35MM METALNOX;;;;UN;TRIBUT
1014;;PUXADOR LUA FOSCO 288MM;;;;UN;TRIBUT
1015;;PUXADOR LUA FOSCO 385MM;;;;UN;TRIBUT
1016;;PUXADOR LUA POLIDO 480MM;;;;UN;TRIBUT
246;;PUXADOR MIRACOLI 128MM ZM5015 DOURADO BRILHO;;;;UN;TRIBUT
1006;;PUXADOR MIRACOLI 128MM ZM5015 DOURADO FOSCO;;;;UN;TRIBUT
1007;;PUXADOR MIRACOLI 96MM ZM5015 DOURADO BRILHO;;;;UN;TRIBUT
997;;PUXADOR MIRACOLI 96MM ZM5015 DOURADO FOSCO;;;;UN;TRIBUT
930;;PUXADOR OTTO CURVO ORO 32MM;;;;UN;TRIBUT
1159;;PUXADOR PALATINO 128MM ZM55 ANTIQUE FOSCO;;;;UN;TRIBUT
1197;;PUXADOR PALATINO 128MM ZM55 CROMADO;;;;UN;TRIBUT
1158;;PUXADOR PALATINO 192MM ZM55 ANTIQUE FOSCO;;;;UN;TRIBUT
1196;;PUXADOR PALATINO 192MM ZM55 CROMADO;;;;UN;TRIBUT
982;;PUXADOR PALATINO 192MM ZM55 DOURADO BRILHO;;;;UN;TRIBUT
974;;PUXADOR PALATINO 192MM ZM55 PRETO FOSCO;;;;UN;TRIBUT
985;;PUXADOR PALATINO 96MM ZM55 DOURADO BRILHO;;;;UN;TRIBUT
290;;PUXADOR PALATINO 96MM ZM55 PRETO FOSCO;;;;UN;TRIBUT
949;;PUXADOR PERFIL RFC 4068 ANODIZADO FOSCO 6MT;;;;UN;TRIBUT
950;;PUXADOR PERFIL RFC 4068 INOX 6MT;;;;UN;TRIBUT
951;;PUXADOR PERFIL RFC 4077 6MT C TAMPA ANODIZADO FOSCO;;;;UN;TRIBUT
952;;PUXADOR PERFIL RFC 4077 6MT C TAMPA INOX;;;;UN;TRIBUT
953;;PUXADOR PERFIL RFC 4085 INOX 6MT;;;;UN;TRIBUT
1025;;PUXADOR PROVENCIAL PARIS ANTIQUE 96MM;;;;UN;TRIBUT
1026;;PUXADOR PROVENCIAL PARIS CROMADO 96MM;;;;UN;TRIBUT
1027;;PUXADOR PROVENCIAL PARIS DOURADO FOSCO 96MM;;;;UN;TRIBUT
632;;PUXADOR ROMA SOBREPOSTO 8015 DOURADO 146MM;;;;UN;TRIBUT
633;;PUXADOR ROMA SOBREPOSTO 8015 INXO ESCOVADO 146MM;;;;UN;TRIBUT
634;;PUXADOR ROMA SOBREPOSTO 8015 PRETO 146MM;;;;UN;TRIBUT
1058;;PUXADOR TOPO JERI 128MM ALUMINIO FOSCO;;;;UN;TRIBUT
1059;;PUXADOR TOPO JERI 128MM CHAMPANHE;;;;UN;TRIBUT
1060;;PUXADOR TOPO PLAISTICO LENCOIS 96MM CHAMPANIE;;;;UN;TRIBUT
1057;;PUXADOR TOPO PLASTICO LENCOIS 96MM ALUMINIO FOSCO;;;;UN;TRIBUT
1028;;PUXADOR TREVISO EMBUTDO 2018E ANODIZADO 146MM;;;;UN;TRIBUT
1029;;PUXADOR TREVISO EMBUTIDO 2018E ANODIZADO 210MM;;;;UN;TRIBUT
1030;;PUXADOR TREVISO EMBUTIDO 2018E BRANCO FOSCO 210MM;;;;UN;TRIBUT
437;;PUXADOR UNIFURO FONTANA ZM3238 DOURADO BRILHO;;;;UN;TRIBUT
1012;;PUXADOR UNIFURO IDEALE 582 MAX;;;;UN;TRIBUT
129;;PUXADOR UNIFURO QDR ZM30 BRANCO BRILHANTE MERCATO;;;;UN;TRIBUT
1045;;PUXADOR UNIFURO ZM5000 MAX  COBRE;;;;UN;TRIBUT
1046;;PUXADOR UNIFURO ZM5000 MAX DOURADO BRILHO;;;;UN;TRIBUT
419;;REFIL FILTRO E3 COMPATIVEL DIVERSOS;;;;UN;TRIBUT
418;;REFILADOR DE FITA DE BORDA PARA ACABAMENTO DE MOVEIS;;;;UN;TRIBUT
281;;REVESTIMENTO P GAVETA ADERENTE PLASTICO 1,05MMX0,;;;;MT;TRIBUT
2;;RIPADO PEROBA;;;;UN;TRIBUT
282;;RODIZIO PU CRISTAL 35MM C FREIO METALNOX;;;;UN;TRIBUT
283;;RODIZIO PU CRISTAL 35MM S FREIO METALNOX;;;;UN;TRIBUT
284;;RODIZIO PU CRISTAL 50MM C TRAVA METALNOX;;;;UN;TRIBUT
285;;RODIZIO PU CRISTAL 50MM S TRAVA METALNOX;;;;UN;TRIBUT
286;;RODIZIO PU CRISTAL 75MM C FREIO METALNOX;;;;UN;TRIBUT
287;;RODIZIO PU CRISTAL 75MM S FREIO METALNOX;;;;UN;TRIBUT
288;;RODIZIO SILICONE TRANSPARENTE 35MM COM TRAVA 3012B;;;;UN;TRIBUT
289;;RODIZIO SILICONE TRANSPARENTE 35MM SEM TRAVA 3012A;;;;UN;TRIBUT
291;;ROLDANA JP240+GUIA UNIVERSAL FOLGAZERO;;;;UN;TRIBUT
421;;ROST OFF WURTH 300ML;;;;UN;TRIBUT
1188;;S32Z SAPATA 5 16 X1 ZINCADA C BUCHA CAAD;;;;UN;TRIBUT
296;;SAPATA 1/4X3/4 22MM PRETA;;;;UN;TRIBUT
294;;SAPATA DESLIZADORA COM PREGO DV800;;;;UN;TRIBUT
292;;SAPATA NIVELADORA 21MM RENNA;;;;UN;TRIBUT
293;;SAPATA NIVELADORA 5 16X32MM NIQ TORO COMPONENTES;;;;UN;TRIBUT
295;;SAPATA NIVELADORA 5 16X32MM NIQ TORO COMPONENTES;;;;UN;TRIBUT
23;;SELADOR EXTRA SAYERLACK 3,6L;;;;UN;TRIBUT
96;;SELADOR MAD EUCATEX EXTRA 3,6L;;;;UN;TRIBUT
103;;SENSOR DE PRESENÇA EMBUTIR SPEB;;;;UN;TRIBUT
422;;SERRA COPO BI METAL 38MM;;;;UN;TRIBUT
423;;SERRA COPO BI METALICA 52MM;;;;UN;TRIBUT
424;;SERRA COPO STARRET 32MM;;;;UN;TRIBUT
425;;SERRA COPO STARRET 60MM;;;;UN;TRIBUT
426;;SERRA DE ACO;;;;UN;TRIBUT
24;;SILICONE ACETICO TRANSPAREENTE TEKBOND 270ML;;;;UN;TRIBUT
428;;SILICONE SPRAY LAVANDA 300ML;;;;UN;TRIBUT
297;;SISTEMA AL 53 COM GUIA AUTO AJUSTAVEL GA06;;;;UN;TRIBUT
298;;SISTEMA AL60 COM GUIA INTELIGENTE GA10 LIGHT;;;;UN;TRIBUT
58;;SOLDA ESTANHO TUBO 25G 63X37 - EMAVI;;;;UN;TRIBUT
769;;SPOT LED NL 05R 5W 3000K ' FACILITA';;;;UN;TRIBUT
770;;SPOT LED NL 05R 5W 6500K 'FACILITA';;;;UN;TRIBUT
771;;SPOT LED NX 03Q 3W 3000K 'FACILITA';;;;UN;TRIBUT
772;;SPOT MOVEIS QUADRADO BRANCO BF(BRANCO FRIO) 6000K BRILUZ;;;;UN;TRIBUT
773;;SPOT MOVEIS QUADRADO BRANCO BQ(BRANCO QUENTE) 3W BRILUZ;;;;UN;TRIBUT
299;;SUPORTE CABIDEIRO AEREO CANTO 90 OBLONGO DV706;;;;UN;TRIBUT
302;;SUPORTE CABIDEIRO AEREO CANTO 90 REDONDO DV707;;;;UN;TRIBUT
881;;SUPORTE CABIDEIRO AEREO CANTO OBLONGO METALNOX;;;;UN;TRIBUT
300;;SUPORTE CABIDEIRO AEREO OBLONGO  DV906 CRIATIVA;;;;UN;TRIBUT
301;;SUPORTE CABIDEIRO AEREO REDONDO  DV907 CRIATIVA;;;;UN;TRIBUT
304;;SUPORTE CABIDEIRO LATERAL OBLONGO METALIZADO METALNOX;;;;UN;TRIBUT
303;;SUPORTE CABIDEIRO LATERAL OBLONGO NIQ ALTERNATIVA;;;;UN;TRIBUT
305;;SUPORTE CABIDEIRO LATERAL REDONDO;;;;UN;TRIBUT
306;;SUPORTE CABIDEIRO LATERAL REDONDO METALIZADO METALNOX;;;;UN;TRIBUT
307;;SUPORTE DE ESPELHO 3017 ZINCADA;;;;UN;TRIBUT
308;;SUPORTE DE FIXACAO CHANFRADO LINHA THIN;;;;UN;TRIBUT
309;;SUPORTE DE PRATELEIRA 10X15MM BRANCO PLASTICO TORO 100UN;;;;UN;TRIBUT
436;;SUPORTE DE TV LED PLASMA UNIVERSAL;;;;UN;TRIBUT
310;;SUPORTE DE TV LED PLASMA UNIVERSAL FIXO KALA;;;;UN;TRIBUT
452;;SUPORTE DISCO LIXA COM VELCRO 4.1/2 125MM X M14 KALA;;;;MT;TRIBUT
312;;SUPORTE EXTENSIVEL P PASTA SUSP.SIMPLES 420;;;;UN;TRIBUT
430;;SUPORTE FLEXIVEL DE BORRACHA VELCRO 100MM;;;;UN;TRIBUT
313;;SUPORTE P VIDRO 10MM;;;;UN;TRIBUT
314;;SUPORTE P VIDRO 4MM;;;;UN;TRIBUT
1183;;SUPORTE P VIDRO 6MM ALTERNATIVA;;;;UN;TRIBUT
315;;SUPORTE P VIDRO 6MM CRIATIVA;;;;UN;TRIBUT
316;;SUPORTE PARA PAINEL CANALETADO BRANCO 150MM;;;;UN;TRIBUT
317;;SUPORTE PARA PAINEL CANALETADO BRANCO 200MM;;;;UN;TRIBUT
318;;SUPORTE PARA PAINEL CANALETADO BRANCO 250MM;;;;UN;TRIBUT
319;;SUPORTE PARA PAINEL OU SOFA ZINCADO C 2UND;;;;UN;TRIBUT
321;;SUPORTE PARA XICARAS 145X40X260MM;;;;UN;TRIBUT
1181;;SUPORTE PINO INVISIVEL 160MM;;;;UN;TRIBUT
1182;;SUPORTE PINO INVISIVEL 210MM;;;;UN;TRIBUT
431;;SUPORTE RIGIDO 4.1 2;;;;UN;TRIBUT
429;;SUPORTE SOQUETE ADAPTADOR BIT 1/4X50MM WURTH;;;;UN;TRIBUT
324;;SUPORTE T INVISIVEL 150MM ZINCADO AMARELO;;;;UN;TRIBUT
325;;SUPORTE TUCANO GRANDE CROMADO;;;;UN;TRIBUT
326;;SUPORTE TUCANO MEDIO CROMADO  MAX 170;;;;UN;TRIBUT
327;;SUPORTE TUCANO PEQUENO CROMADO MAX 169;;;;UN;TRIBUT
954;;SUPORTE UNITO 15 18;;;;UN;TRIBUT
328;;TAMPA PASSA CABOS EMBUTIR MESA;;;;UN;TRIBUT
955;;TAMPA VAZADAS PINOS TRANSVERSAIS CRO.ALUMI.FOSCO;;;;UN;TRIBUT
956;;TAMPA ZAMAC CONTORNO PERFIL MAX BR 15MM BANHO INOX;;;;UN;TRIBUT
329;;TAPA CABECA PARAFUSO PLASTICO BRANCA 13MM;;;;UN;TRIBUT
330;;TAPA FURO 8MM BRANCO - 100UN;;;;UN;TRIBUT
1186;;TAPA FURO 8MM BRANCO - 100UN FGVTN;;;;UN;TRIBUT
331;;TARJETA ZINCADA 2  KALA;;;;UN;TRIBUT
1107;;TESOURA;;;;UN;TRIBUT
1105;;TESOURA 160/8 MUNDIAL;;;;UN;TRIBUT
1108;;test;;;;UN;TRIBUT
26;;THINNER FARBEN 5000 6000 5.0L;;;;UN;TRIBUT
27;;THINNER FARBEN 5000 6000 900ML;;;;UN;TRIBUT
1180;;THINNER SAYERLACK  5LT;;;;UN;TRIBUT
433;;TOMADA BARRA TRIPLA BC 2P+T 10A PERLEX;;;;UN;TRIBUT
434;;TOMADA DE SOBREPOR 2P+T;;;;UN;TRIBUT
332;;TORRE DE TOMADA C 3 TOMADAS PRATA RENNA;;;;UN;TRIBUT
333;;TORRE DE TOMADAS C 3 TOMADAS BRANCA RENNA;;;;UN;TRIBUT
435;;TRENA C TRAVA STARRET 5MT;;;;UN;TRIBUT
957;;TRILHO INFERIOR RFC 3.3027 6MT;;;;MT;TRIBUT
958;;TRILHO INFERIOR RFC 3028 6MT;;;;MT;TRIBUT
959;;TRILHO SUPERIOR 2083 6MT;;;;MT;TRIBUT
960;;TRILHO SUPERIOR 3.3013 RFC;;;;MT;TRIBUT
961;;TRILHO SUPERIOR P PORTA DE CORRER C 6M RFC 3.3040 ANODIZADO;;;;MT;TRIBUT
962;;TRILHO SUPERIOR RFC 3.3039 6MT ANOD;;;;MT;TRIBUT
963;;TRILHO U RFC 3051 6MT;;;;MT;TRIBUT
335;;TRINCO DE FERRO 5001 BICROMATIZADO;;;;UN;TRIBUT
336;;TUBO CABIDEIRO OBLONGO CROMADO 15X30X0,40X3000MM METALNOX;;;;UN;TRIBUT
337;;TUBO CABIDEIRO REDONDO CROMADO 25X0,40X3000MM MELTANOX;;;;UN;TRIBUT
338;;TUBO DE CABIDE CURVO OBLONGO;;;;UN;TRIBUT
28;;VERNIZ COPAL INCOLOR EUCATEX 900ML;;;;UN;TRIBUT
29;;VERNIZ IMBUIA EUCATEX 900ML;;;;UN;TRIBUT
30;;VERNIZ SYERLACK POLIULAK MARI ACETINADO 900ML;;;;UN;TRIBUT
1063;;VIDRO TEMPERADO 4MM;;;;UN;TRIBUT
438;;W CA GRAXA PARA CHASSIS 1KG;;;;UN;TRIBUT
1091;;W MP GRAXA DE LITIO AZUL 1KG;;;;UN;TRIBUT
439;;W MP GRAXA DE LITIO BRANCA 1KG;;;;UN;TRIBUT
1050;;ZAGATO 192MM INOX ES/CR;;;;UN;TRIBUT
1051;;ZAGATO 256MM INOX ES/CR;;;;UN;TRIBUT
1052;;ZAGATO 352MM INOX ES/CR;;;;UN;TRIBUT
1053;;ZAGATO 448MM INOX ES/CR;;;;UN;TRIBUT
1054;;ZAGATO 544MM INOX ES/CR;;;;UN;TRIBUT
1055;;ZAGATO 640MM INOX ES/CR;;;;UN;TRIBUT
 ;;;;;;;
1197 itens na listagem;;;;;;;
 ;;;;;;;
Relatório gerado pelo Expert Macros em 23/07/2026 ŕs 14:19:40 por IGOR NEVES. Copyright © 2008 - 2026 - Expert Tecnologia [ www.experttecnologia.com ];;;;;;;
